-- MySQL dump 10.16  Distrib 10.2.13-MariaDB, for osx10.13 (x86_64)
--
-- Host: localhost    Database: poweroutages
-- ------------------------------------------------------
-- Server version	10.2.13-MariaDB

/*!40101 SET @OLD_CHARACTER_SET_CLIENT=@@CHARACTER_SET_CLIENT */;
/*!40101 SET @OLD_CHARACTER_SET_RESULTS=@@CHARACTER_SET_RESULTS */;
/*!40101 SET @OLD_COLLATION_CONNECTION=@@COLLATION_CONNECTION */;
/*!40101 SET NAMES utf8 */;
/*!40103 SET @OLD_TIME_ZONE=@@TIME_ZONE */;
/*!40103 SET TIME_ZONE='+00:00' */;
/*!40014 SET @OLD_UNIQUE_CHECKS=@@UNIQUE_CHECKS, UNIQUE_CHECKS=0 */;
/*!40014 SET @OLD_FOREIGN_KEY_CHECKS=@@FOREIGN_KEY_CHECKS, FOREIGN_KEY_CHECKS=0 */;
/*!40101 SET @OLD_SQL_MODE=@@SQL_MODE, SQL_MODE='NO_AUTO_VALUE_ON_ZERO' */;
/*!40111 SET @OLD_SQL_NOTES=@@SQL_NOTES, SQL_NOTES=0 */;

--
-- Current Database: `poweroutages`
--

CREATE DATABASE /*!32312 IF NOT EXISTS*/ `poweroutages` /*!40100 DEFAULT CHARACTER SET utf8 */;

USE `poweroutages`;

--
-- Table structure for table `Area`
--

DROP TABLE IF EXISTS `Area`;
/*!40101 SET @saved_cs_client     = @@character_set_client */;
/*!40101 SET character_set_client = utf8 */;
CREATE TABLE `Area` (
  `id` int(11) DEFAULT NULL,
  `value` varchar(1020) DEFAULT NULL
) ENGINE=InnoDB DEFAULT CHARSET=utf8;
/*!40101 SET character_set_client = @saved_cs_client */;

--
-- Dumping data for table `Area`
--

LOCK TABLES `Area` WRITE;
/*!40000 ALTER TABLE `Area` DISABLE KEYS */;
INSERT INTO `Area` VALUES (0,'Southern and Central Maine'),(1,'Island Wide'),(2,'North Eastern North Carolina, Eastern Central , and Northern Virginia'),(3,'Eastern and Northeastern Pennsylvania'),(4,'Restricted Hydro Electric Capability'),(5,'San Francisco Bay Area, California'),(6,'Connecicut'),(7,'Ohio'),(8,'Hyattsville, Maryland'),(9,'Chattanooga, Tennessee'),(10,'Greater Houston, Texas'),(11,'South Eastern Michigan'),(12,'South West Connecticut'),(13,'Washington, D.C., Montgomery County, Prince Georges County, Md'),(14,'Frankfort, Delaware'),(15,'Southern California not including LA'),(16,'Roanoke, Virginia'),(17,'Cabot Arkansas'),(18,'Arlington, Oregon'),(19,'CAISO Territory California'),(20,'Kentucky, Virginia, West Virginia'),(21,'Franklin County, Idaho'),(22,'Southeast and Seacoast Maine'),(23,'Arizona'),(24,'Northeast, Illinois'),(25,'Northern California'),(26,'North Shore, Massachusetts'),(27,'Philadelphia area, Pennsylvania'),(28,'Maryland, West Virginia, Virginia and Pennsylvania'),(29,'City of Bakersfield area'),(30,'Orangevale Area of Sacramento, California'),(31,'North Carolina'),(32,'Denton, Maryland'),(33,'Eastern and Lower Michigan'),(34,'Charlotte, North Carolina Metropolitan area'),(35,'Carson City, Nevada'),(36,'Holtwood, Pennsylvania'),(37,'Southeastern, Michigan'),(38,'Orlando and St. Cloud, Florida'),(39,'Central and Eastern North Carolina'),(40,'Council Bluffs, Iowa'),(41,'Cedar Rapids, Iowa'),(42,'Comanche Peak, Texas'),(43,'North Part of Island'),(44,'Salt Lake County, Utah'),(45,'District of Columbia; Maryland'),(46,'Akron and Mansfield areas'),(47,'Rochelle, Indiana'),(48,'Colorado'),(49,'Fitzwilliam, New Hampshire'),(50,'Skagit County, Washington'),(51,'Area Around West Orange Switching Station, New Jersey'),(52,'Cate Road, Deerfield, New Hampshire'),(53,'Muskegon, Michigan easterly to Bay City, Michigan'),(54,'Middle 1/3 of Michigan Lower Peninsula'),(55,'Idaho Falls Area Idaho, Utah-Idaho Border Utah'),(56,'Collins Substation, Washington'),(57,'Virginia & North Carolina'),(58,'Southern Lower Penninsula, Michigan'),(59,'Cleveland area, Ohio'),(60,'Eastern North Carolina'),(61,'Greene County, Ohio'),(62,'City of Los Angeles'),(63,'All of Connecticut'),(64,'Dominion Service Territory'),(65,'Richie Substation,Seat Pleasant, Maryland'),(66,'Lower Peninsula Michigan'),(67,'ERCOT Region Texas'),(68,'Los Angeles, California'),(69,'Northern Maine'),(70,'South Metropolitan Areas of Dayton, OHio'),(71,'Southern New Jersey'),(72,'Harford County, Maryland'),(73,'Western and Southern Lower Peninsula Michigan'),(74,'East of Oroville, California'),(75,'Atlantic City Electric Service Territory New Jersey'),(76,'El Paso County, Texas; Dona Ana County, New Mexico'),(77,'Western Pennsylvania, Northern West Virginia, Western Maryland, Northern Virginia'),(78,'Eastern half of the State of Kansas'),(79,'Southeast Texas'),(80,'Vermont'),(81,'Alberta, Canada; Washington State'),(82,'Southeast Wisconsin and Fox Valley'),(83,'Northeast Tennessee'),(84,'Eastern Arkansas'),(85,'King, Whatcom, and Skagit, Washington'),(86,'Modesto California and the Surrounding Areas'),(87,'Eastern, Arkansas'),(88,'Central New Jersey'),(89,'Eastern portions of King County and Pierce County'),(90,'Metropolitan Phoenix Area'),(91,'Central Maine Maine'),(92,'PJM Corporate Office, Pennsylvania'),(93,'Lower 2/3 of Michigan\'s Lower Peninsula'),(94,'Location Unknown'),(95,'San Franscisco Bay Area, California'),(96,'Eastern Central Wisconsin'),(97,'West River Substation, New Haven, Connecticut'),(98,'Denver Metropolitan area of Colorado'),(99,'Restricted Hydroelectric Capability'),(100,'Texas Panhandle and Texas South Plains Regions, and Oklahoma Panhandle'),(101,'Northwest Indiana'),(102,'Lamar, Colorado'),(103,'Delaware, Maryland'),(104,'North Florida'),(105,'West and Southwest Louisiana'),(106,'Salt Lake County Utah'),(107,'Member Service Territory is located in the West coast of Florida from Tallahassee to Fort Myers'),(108,'West Palm Beach to Daytona Beach, Florida'),(109,'Southern Lower  Michigan and small areas near Flint, Alma, Saginaw, and Lansing Michigan'),(110,'Dona Ana and El Paso Counties, Texas and Hudspeth County, New Mexico'),(111,'North, East and Central Virginia/Parts of Northeast North Carolina'),(112,'Redmond, Washington'),(113,'Greater Baltimore Maryland'),(114,'Southeast Pennsylvania'),(115,'Northeast Colorado'),(116,'Greater Little Rock, Arkansas'),(117,'Arkansas'),(118,'Northwest Orange County, California'),(119,'Upper Peninsula, Michigan'),(120,'San Diego and Orange Counties'),(121,'Portland, Oregon'),(122,'District of Columbia'),(123,'Primary Dade County Florida'),(124,'Unknown'),(125,'Newman Power Plant, Texas'),(126,'Illinois'),(127,'Greater New York City, New York'),(128,'Colorado Springs, Colorado'),(129,'Indiana, Ohio'),(130,'South East College Station, Texas'),(131,'Systemwide Puerto Rico'),(132,'Port Orchard, Washington'),(133,'Southwestern Pennsylvania, West Virginia, Virginia, Maryland'),(134,'Metro St. Louis area, Missouri'),(135,'LaGrande, Washington'),(136,'Osceola, Arkansas'),(137,'Pueblo, Colorado'),(138,'Houston area, Texas'),(139,'West Virginia'),(140,'Southern Balancing Area'),(141,'Antioch, California'),(142,'Southeast Massachusetts'),(143,'Entire ComEd territory Illinois'),(144,'Southeast Kansas, Northeast Oklahoma'),(145,'Saginaw, Minnesota'),(146,'Portions of  the southern 2/3 of  Michigan\'s Lower Peninsula'),(147,'Houston, Texas'),(148,'Backup Control Center, Oklahoma'),(149,'Salt Lake City Region, Utah'),(150,'Illinois; Missouri'),(151,'FRCC Region-West Coast Florida'),(152,'North Texas'),(153,'Lower Peninsula, Michigan'),(154,'South East, Lower Peninsula, Michigan'),(155,'Eastern Ohio'),(156,'Alabama, Florida, Georgia, Mississippi'),(157,'City of El Paso, Texas, County of El Paso'),(158,'Southern Delmarva Peninsula'),(159,'Northwest Arkansas'),(160,'Southwest Alabama and Western Panhandle of Florida'),(161,'Minneapolis/St. Paul area Minnesota'),(162,'Connecticut, Western Massachusetts'),(163,'Southern Maine and New Hampshire'),(164,'Lower Peninsula of Michigan'),(165,'Montague, Michigan'),(166,'San Juan County, New Mexico'),(167,'Puget Sound Region'),(168,'Tacoma Narrows Crossing, Washington'),(169,'Rio Grand Valley of Texas'),(170,'Oklahoma, Arkansas'),(171,'Holloman Air Force Base, New Mexico'),(172,'Alabama, Florida, Mississippi'),(173,'Metropolitan area Puerto Rico'),(174,'Northern and Southern Michigan, AEP Fort Wayne/Michigan Region, Buchanan, Elkhart, New Buffalo, South Bend, St. Joseph, Three Rivers areas'),(175,'Lancaster Region, Pennsylvania'),(176,'Houston Metropolitan Service Area'),(177,'Maryland, Southeastern West Virginia, Northern Virginia, Northern Pennsylvania and South Central Pennsylvania'),(178,'Northern Arkansas'),(179,'Northeast Ohio'),(180,'Piedmont of North and South Carolina'),(181,'Entire Atlantic City Electric territory Southern New Jersey'),(182,'Entire ComEd Territory, Indiana'),(183,'Green Bay, Wisconsin'),(184,'St. Lawrence Power Dam, New York'),(185,'SW Missouri'),(186,'Maine'),(187,'NE quarter of State of Iowa and Rock Island, Illinois'),(188,'ERCOT Region of Texas'),(189,'McKee, New Jersey'),(190,'New Castle, Delaware'),(191,'Holmesburg Substation, Philadelphia, Pennsylvania'),(192,'Harrington, Delaware'),(193,'Goleta and Santa Barbara Areas of Southern California'),(194,'Northern Alabama; Southeast Tennessee'),(195,'North and South Carolina'),(196,'Ashland, Wisconsin'),(197,'City of Lubbock, Texas'),(198,'Cincinnati, OH'),(199,'Northeast, Ohio'),(200,'West/Central Arkansas'),(201,'Eastern Massachusetts'),(202,'North/North Central Alabama; Georgia'),(203,'TVA Service Territory'),(204,'North and Central Alabama and Northern Georgia areas'),(205,'San Francisco, California'),(206,'System-wide greater Houston metro area (and across ERCOT)'),(207,'Texas'),(208,'Northern Manhattan NY (Yorkville) and SW Bronx (Motthaven, Melrose, High Bridge Sections)'),(209,'Maryland, West Virginia, Virginia'),(210,'Nova Scotia'),(211,'Northern Central and Eastern Virginia'),(212,'City of Fort Pierce, Florida'),(213,'King County'),(214,'Las Cruces, New Mexico'),(215,'-'),(216,'Piedmont, North and South Carolina'),(217,'Baltimore Metropolitan and Central Maryland'),(218,'Niagara County, New York'),(219,'Northern, Georgia'),(220,'Southeast Idaho and Eastern Oregon'),(221,'Wyoming'),(222,'Central Arkansas'),(223,'Arkansas, Louisiana, Mississippi'),(224,'Ohio, Tennessee, Virginia'),(225,'Western Pennsylvania, Northwestern and Central West Virginia'),(226,'Memphis, Tennessee'),(227,'Central, Indiana'),(228,'Greater Tacoma area (City of Fircrest, University Place, City of Lakeland) and portions of South Pierce County in State of Washington'),(229,'Georgia, Alabama, Florida panhandle, Southern Mississippi'),(230,'Duke Energy Carolinas Balance Authority'),(231,'Columbus District'),(232,'Puerto Rico'),(233,'Entire ComEd Territory Illinois'),(234,'Kingswood, Maryland'),(235,'Michigan, Lower Peninsula'),(236,'Piedmont North Carolina and South Carolina'),(237,'Regions of  San Juan, Caguas, Ponce, Bayamon, Carolina, Arecibo and Mayaguez'),(238,'Maryland: Anne Arundel County, Baltimore County, Calvert County, Carroll County, Howard County, Montgomery County,  Prince George\'s and Baltimore City.'),(239,'North/Central Alabama; North/Central Georgia'),(240,'West Valley Substation Utah'),(241,'South Florida, Naples, Ft. Myers, Miami, Ft. Lauderdale, West Palm Beach and Martin county'),(242,'All Six New England States'),(243,'Eastern one third of the state of Kansas'),(244,'Temblor Substation in McKittrick, California'),(245,'New York, Upstate New York'),(246,'Florida'),(247,'Wilmington, Delaware'),(248,'Cities of Bryan, College Station and surrounding areas'),(249,'Louisiana'),(250,'Western North Carolina'),(251,'Vancouver, British Columbia'),(252,'Bethany Beach, Delaware'),(253,'Alberta, Canada'),(254,'Albany, Oregon'),(255,'Eastern Indiana; Northern Kentucky; Greater Cincinnati area Ohio'),(256,'Southeastern Louisiana in the New Orleans area'),(257,'Alabama'),(258,'Greater Columbia, South Carolina'),(259,'North Central Indiana'),(260,'Southeast Michigan'),(261,'Central Missouri, Central Illinois'),(262,'Boston, Massachusetts'),(263,'North Carolina, South Carolina'),(264,'Orlando, Florida'),(265,'Salt Lake, Utah'),(266,'Oklahoma'),(267,'Knoxville, Tennessee'),(268,'Southeastern New Mexico,  Texas Panhandle'),(269,'City of Crawfordsville, Indiana'),(270,'Puget Sound Region, Washington'),(271,'Near Arnold, California'),(272,'Central Virginia'),(273,'Hockessin, Delaware'),(274,'Central California Coast'),(275,'Southwest and South Central Minnesota'),(276,'Greater Houston-Galveston Metro Area'),(277,'Metro Phoenix, Arizona'),(278,'North and Central area of Georgia'),(279,'Eastern Virginia'),(280,'Lower 2/3 of Michigan Lower Peninsula'),(281,'Island of Maui'),(282,'Joplin, Missouri'),(283,'Florida counties of Hardee, Highlands, Lake, Orange, Osceola, Polk, Seminole, Volusia'),(284,'Northeast Wisconsin and Central/Western Upper Peninsula of Michigan'),(285,'Central and Eastern Ohio'),(286,'Part of Seattle\'s Downtown'),(287,'Northern Virginia, Richmond area, Eastern Virginia'),(288,'Southwestern Pennsylvania'),(289,'Tyngsborough, Massachusetts'),(290,'Indiana'),(291,'Southern Idaho'),(292,'Davis, California'),(293,'Alabama, Georgia, Mississippi, Tennessee'),(294,'Riverside, California'),(295,'Northeastern Mississippi, Northern Alabama'),(296,'Valle, California'),(297,'Lansing, Michigan'),(298,'Alabama, Florida, Georgia'),(299,'Whatcom and Skagit Counties, Washington'),(300,'Southwest Ohio'),(301,'Missouri, Illinois'),(302,'Western South Dakota'),(303,'City of Owensboro, Kentucky'),(304,'Calvert, Charles, St. Mary\'s, Prince Georges Counties Maryland'),(305,'Central and Eastern New York'),(306,'Connecticut; Maine; Massachusetts; New Hampshire; Rhode Island'),(307,'Pinellas County, Florida'),(308,'Snohomish County Washington'),(309,'Georgia'),(310,'Southern New Jersey Counties'),(311,'Southeast Vermont'),(312,'ISO Balancing Area'),(313,'Southern, Central and Northern New Jersey'),(314,'Island of Oahu, Hawaii'),(315,'Washington'),(316,'Sacramento California'),(317,'West Coast of Florida from Naples to Charlotte and in an area centered around Daytona Beach'),(318,'Minnesota'),(319,'Baltimore, Maryland'),(320,'Roseville, California'),(321,'Southwest Louisiana'),(322,'Southwest Ohio, Northern Kentudky, Central and Southern Indiana'),(323,'Central and Eastern Kentrucky'),(324,'South Florida - Cities of Key West, Clewiston, Lake Worth, and Ft. Pierce'),(325,'Houston, Texas and surrounding suburban areas'),(326,'Central Maryland (Baltimore City, Baltimore County, Anne Arundel County, Harford County, Montgomery County, Calvert County, Prince George\'s County, Carroll County and Howard County)'),(327,'Greenwood, Mississippi'),(328,'University Place, Washington'),(329,'Bismarck-Mandan, North Dakota'),(330,'Sweet Home, Oregon'),(331,'Western Massachusetts'),(332,'Omaha, Nebraska (Metro Area)'),(333,'Greater San Jose, California'),(334,'Tennessee'),(335,'Richmond Metro area, Virginia'),(336,'Allegheny and Beaver Counties in Pennsylvania'),(337,'Whitman, Auburn St Substation, Massachusetts'),(338,'New Smyrna Beach, Florida'),(339,'Hillsborough, Pasco, and Polk County, Florida'),(340,'Layton, Utah'),(341,'Collin, Dallas, Denton, Ellis, Parker, and Tarrant Counties, Texas'),(342,'Holtsville, New York'),(343,'Sonoma and Central Valley, California'),(344,'Northeast Florida'),(345,'San Diego & Orange Counties, California'),(346,'Arizona; California'),(347,'Piedmont North and South Carolina'),(348,'McKee City, New Jersey'),(349,'Northern/Northeastern Georgia'),(350,'Triangle and Tridad (Greensboro _ High Point)  Areas North Carolina - Northern Region'),(351,'Southern Balancing Area, Georgia'),(352,'Washington DC, Montgomery and Prince Georges Counties MD'),(353,'Southeast  Michigan'),(354,'Indiana, Evansville, Metro Area'),(355,'Springfield, Illinois and vicinity'),(356,'Long Island, New York'),(357,'Central and Eastern North Carolina and Northern and Eastern South Carolina'),(358,'El Reno, S. Oklahoma City, Oklahoma'),(359,'Alabama, Mississippi,  Tennessee'),(360,'Indiana, Kentucky, Ohio'),(361,'Tarboro, North Carolina'),(362,'British Columbia & Alberta, Canada'),(363,'Newcastle, Delaware'),(364,'Central and Eastern Virginia'),(365,'Boise, Idaho'),(366,'Florida counties of Gadsden, Wakulla, Leon, and Liberty'),(367,'Central South Carolina'),(368,'El Paso, Texas'),(369,'Wisconsin'),(370,'Eastern Pennsylvania'),(371,'Baldwin County, Alabama, Escambia County, Florida, Washington County, Alabama'),(372,'Concord, Vermont'),(373,'Northwest Virginia'),(374,'Southern half of Indiana'),(375,'Northeast Georgia'),(376,'Oklahoma City Metro Area, Oklahoma'),(377,'Columbus, Ohio'),(378,'Los Angeles and Orange Counties, California'),(379,'North, Central and Eastern Virginia and Northern North Carolina'),(380,'Columbia Heights, NW, Washington DC'),(381,'Central Maryland'),(382,'Southern Illinois'),(383,'St. George, Utah'),(384,'Central Virginia, South to North Carolina and East to the Virginia Coast'),(385,'Northern, Central and Eastern North Carolina'),(386,'Graham, Washington'),(387,'Lower peninsula of Michigan following cities:  Grand Rapids, Kalamazoo, Battle Creek, Jackson, Bronson, Jonesville, Flint'),(388,'Humboldt Area of California'),(389,'System-wide Puerto Rico'),(390,'Communities of Elsinore, Hemet, Moreno Valley, Perris, San Jacinto and Temecula in the southeastern area of Riverside County in California'),(391,'Near Rogers Flat, California'),(392,'North and East Texas'),(393,'Greater Cleveland Ohio'),(394,'The entire PEF system was affected, including the following counties: Alachua, Bay, Citrus, Columbia, Dixie, Franklin, Gilchrist, Gulf, Hamilton, Hardee, Hernando, Highlands, Jefferson, Lafayette, Lake, Levy, Madison, Marion, Orange, Osecola, Pasco, Pinellas, Polk, Seminole, Sumter, Suwannee, Taylor, Volusia, Wakulla.'),(395,'San Francisco Bay area, California'),(396,'Norbeck, Maryland'),(397,'San Francisco'),(398,'Highgate, Vermont'),(399,'Lower peninsula of Michigan. following area:  Grand Rapids, Kalamazoo, Battle Creek, Greenville, Jackson,  Flint, Lansing, Allegan, Temperance'),(400,'Norwalk, Stamford, Connecticut'),(401,'Northern and Northwestern Virginia'),(402,'Indiana; Michigan; Ohio; West Virginia'),(403,'Southwestern Michigan (DECO Service Territory)'),(404,'Northern Kentucky, Southwest Ohio and Central and South Indiana'),(405,'Connecticut'),(406,'North, East and Central Virginia'),(407,'Island of Oahu'),(408,'Houston Metro-Area, Texas'),(409,'Denver Metro Area, Colorado'),(410,'New York City area'),(411,'Prince George\'s County Maryland'),(412,'Southeast Ohio, Northern Kentucky, Southern Indiana'),(413,'Western Houston, Texas'),(414,'Joplin, Sarcoxie, and Wentworth, Missouri'),(415,'Southwestern Public Service Company Operating in the Panhandle of Texas and New Mexico'),(416,'Maryland; West Virginia'),(417,'Chicago, Illinois'),(418,'Texas Panhandle and Eastern New Mexico'),(419,'Santa Barbara County, California, near Goleta'),(420,'Port Isabel, Harlingen, Weslaco, Pharr, San Benito, Mission, McAllen, Edinburg, Texas'),(421,'Frankford, Delaware'),(422,'South Carolina'),(423,'CSWS/AEP West territory, Oklahoma'),(424,'Triad, North Carolina'),(425,'New Jersey'),(426,'Western Piedmont North Carolina'),(427,'Nacogdoches, Lufkin, Tyler, Jacksonville, Rusk, Paris, Commerce, Huntington'),(428,'Delaware; Maryland'),(429,'Texas Panhandle, Southeastern New Mexico'),(430,'Southeastern Wyoming'),(431,'Whole Island of Puerto Rico'),(432,'Eastern New York'),(433,'Kentucky, West Virginia'),(434,'Mississippi'),(435,'Arkansas; Louisiana; Mississippi; Texas'),(436,'Lake Placid/Saranac, New York'),(437,'Bangor Hydro System, northern Maine'),(438,'Wynoochee, Washington'),(439,'Central Minnesota'),(440,'Central Arizona'),(441,'South Houston Service Area'),(442,'Southwest Idaho and Eastern Oregon'),(443,'Akron and Youngstown areas'),(444,'Northport, NY; Norwalk, CT'),(445,'Midway, California'),(446,'Hillsborough County Florida'),(447,'Newark, DE'),(448,'Southeast Lower Peninsula, Michigan'),(449,'Greater Tampa Bay, Florida'),(450,'East Central Iowa'),(451,'North/Central Alabama; Georgia'),(452,'West Rutland, Vermont'),(453,'New Hampshire'),(454,'Southern Service Area/Alabama and Georgia'),(455,'Stantonsburg, North Carolina'),(456,'County of Waukesha,  Wisconsin,  Town of Lisbon, Wisconsin'),(457,'Salt Lake City, Utah'),(458,'New Mexico'),(459,'St. Louis Metro Area Missouri'),(460,'Dayton Ohio Area'),(461,'South of Humboldt, California'),(462,'Metro Denver (Jefferson, Adams, and Arapahoe Counties)'),(463,'Eastern and Central North Carolina'),(464,'Rio Grande Valley Texas'),(465,'Cape May, Cumberland, Gloucester, Salem, Camden, Atlantic, Burliington  Counties, New Jersey'),(466,'Harrisburg, Lehigh Valley, Lancaster Region Pennsylvania'),(467,'Sioux City, Carroll, Des Moines, Iowa City, and Davenport Iowa, Rock Island, Moline, and Surrounding Area of Illinois'),(468,'Entire Delmarva Power service territory'),(469,'Southeast Wisconsin'),(470,'Coos County Oregon'),(471,'Northern Kentucky and Southwest Ohio'),(472,'District of Columbia; Prince George\'s County Maryland'),(473,'Stockton, California'),(474,'Little Rock, Arkansas'),(475,'Oquirrh Substation, Salt Lake City, Utah'),(476,'Virginia, North Carolina'),(477,'North Part of the Island'),(478,'Entergy System'),(479,'Washington, D.C.,  Montgomery County,  Prince Georges County, Maryland'),(480,'North Attleboro, Massachusetts'),(481,'Oregon'),(482,'Boone County, Iowa'),(483,'City of Oshkosh, Wisconsin'),(484,'Knoble Substation, Spanaway, Washington'),(485,'Richie Station (No. 123), Maryland'),(486,'Williston, Vermont'),(487,'Lake Colby, Lake Placid, Tupper Lake'),(488,'Snohomish County, Washington'),(489,'Western and Central portions of Michigan\'s Lower Peninsula'),(490,'Gonzales Area Louisiana'),(491,'Florida counties of Collier, Hendry, Glades, Highlands, Charlotte, Desoto, Lee, Hardee, and Polk'),(492,'Central and Western Florida'),(493,'State of Florida - Dade County'),(494,'Prince George\'s County, Montgomery County Maryland; D.C.'),(495,'Greater St. Louis Metropolitan area (Missouri and Illinois)'),(496,'Central Iowa and Cedar Rapids areas'),(497,'Western British Columbia'),(498,'City of Lubbock'),(499,'Northern Counties of Illinois'),(500,'North Dakota'),(501,'King, Pierce and Thurston Counties, Washington'),(502,'Southern California Area'),(503,'Southwestern Indiana'),(504,'CSWS Control Area of Southwest Power Pool Parts of Oklahoma, Texas, Louisiana, Arkansas'),(505,'AEP Texas Central/Texas North'),(506,'Indiana, Michigan'),(507,'Weston, Wisconsin'),(508,'Eastern Central New Mexico'),(509,'Michigan, Iowa'),(510,'Newark, Delaware'),(511,'Boston & Northeast Massachusetts'),(512,'System-wide greater Houston metro area'),(513,'Northern Virginia to Fredericksburg; Staunton to Harrisonburg'),(514,'El Paso, New Mexico'),(515,'Southern, Eastern, and Central Ohio'),(516,'Seat Pleasant, Maryland'),(517,'Central Coast California'),(518,'Phoenix, Arizona'),(519,'Alderwood Substation, Portland, Oregon'),(520,'Houston Service Area Texas'),(521,'Humboldt and Eureka, California'),(522,'Iowa; Michigan'),(523,'Virginia and Eastern Part of North Carolina'),(524,'Western Pennsylvania'),(525,'Western New York State'),(526,'Maryland/Virginia border'),(527,'Northern and Central California'),(528,'Maryland, West Virginia'),(529,'Southern Orange County California'),(530,'Central Virginia - Spotsylvania County'),(531,'Shreveport, Louisiana'),(532,'East Central Missouri'),(533,'Minnesota, Wisconsin, North Dakota, South Dakota and Michigan'),(534,'Madison, Wisconsin'),(535,'Indiana. Kentucky, Michigan, Ohio, Tennessee, Virginia, West Virginia'),(536,'CFE (Mexico & U.S.)'),(537,'A.D. Edmonston Pumping Plant'),(538,'Central Maryland - Baltimore City and surrounding Counties'),(539,'Southeast, Michigan'),(540,'Oquirrh Substation, Utah'),(541,'Colbyville, Haines Road and Arrowhead Substations, Minnesota'),(542,'Milton, New Hampshire'),(543,'Niagara County New York'),(544,'North and Central , Alabama'),(545,'New York State'),(546,'Central and Southern California'),(547,'Minnesota, North Dakota, Manitoba'),(548,'Northwest and Central New Jersey'),(549,'Pittsburg (Bay Area), California'),(550,'St. Louis County, Missouri'),(551,'Piedmont, North Carolina'),(552,'Central Maryland (Baltimore City, Baltimore County, Anne Arundel County, Hartford County, Montgomery County, Calvert County, Prince George\'s County, Carroll County and Howard County)'),(553,'Brighton, Maryland'),(554,'Florida Keys'),(555,'Sayreville, New Jersey Long Island, New York'),(556,'Alabama and Georgia'),(557,'State of Texas (all of Austin Energy)'),(558,'Alabama, Mississippi, Florida, Georgia'),(559,'Southwestern Region of Service Territory'),(560,'Gosper, Harlan, Franklin, Webster, Clay, Adams, Kearney, Phelps, Dawson, Buffalo, Hall, Hamilton, Sherman, Custer, Valley, Greeley, Howard, Merrick, York, Fillmore, Nance, Boone, Wheeler, Madison, Antelope, Pierce, Platte and Seward Counties in Central Nebraska'),(561,'Southwest Ohio, Northern Kentucky, Central Indiana'),(562,'San Antonio Dam Area, Los Angeles County, California'),(563,'Merced County, California'),(564,'Ohio and Indiana'),(565,'Hawaii'),(566,'Montgomery and Prince Georges Counties, Maryland; District of Columbia'),(567,'Delaware'),(568,'Londonderry, New Hampshire'),(569,'Somervell County, Texas'),(570,'Greenboro, North Carolina and I-40 Corridor'),(571,'Salinas, California and surrounding communities'),(572,'Denver; Ft. Collins, Colorado'),(573,'Western and North Eastern Pennsylvania'),(574,'Leon  County, Florida'),(575,'Southern, New Hampshire'),(576,'Virginia Service Territory'),(577,'Michigan'),(578,'Plumas County, California'),(579,'California'),(580,'New Castle Delaware'),(581,'Various Cities in Florida'),(582,'North Haven, Connecticut'),(583,'Henrico County, Virginia'),(584,'Greater Detroit Michigan'),(585,'Green River, Wyoming'),(586,'N. Ogden Substation, Ogden, Utah'),(587,'Georgia and Alabama'),(588,'Dayton, Ohio'),(589,'Nevada'),(590,'Montana'),(591,'City of Lakeland, Florida'),(592,'Counties of Alachua, Bay, Citrus, Columbia, Dixie, Franklin, Gilchrist, Gulf, Hamilton, Hardee, Hernando, Highlands, Jefferson, Lafayette, Lake, Levy, Madison, Marion, Orange, Osceola, Pasco, Pinellas, Polk, Seminole, Sumter, Suwannee, Taylor, Volusia and Wakulla'),(593,'Southeastern Michigan including all of Detroit'),(594,'Sweetwater County, Wyoming'),(595,'Western New York'),(596,'Virginia and Eastern North Carolina - Primarily in Central Virginia'),(597,'CONVEX Local Control Center, Connecticut'),(598,'Denver Metropolitan Area'),(599,'Piedmont North Carolina, Piedmont South Carolina'),(600,'Southeast Arkansas, Southeast Louisiana, Western Mississippi, Eastern Texas'),(601,'Ruston, Louisiana'),(602,'Wasatch Front Area Utah'),(603,'North Texas, Dallas Fort Worth Metroplex and Surrounding Counties, South to Waco and North to Red River'),(604,'Baton Rouge, Louisiana'),(605,'Cleveland area'),(606,'Northern Missouri'),(607,'Greater Philadelphia Pennsylvania'),(608,'Crawfordsville, Indiana'),(609,'Eastern Massachusetts, Rhode Island, Cape Cod'),(610,'Houston/Galveston Area'),(611,'Seattle, Washington'),(612,'Oregon, Washington, Idaho, Montana'),(613,'Southwestern Ohio and Indiana'),(614,'Melones, California'),(615,'City of Pittsburgh, Pennsylvania'),(616,'Panhandle and Muleshoe, Texas'),(617,'Northeast Illinois'),(618,'Island of Puerto Rico'),(619,'Roxboro Plant, North Carolina'),(620,'Western  North and South Carolina'),(621,'Olympic Pipeline Substation, Washington'),(622,'Southeast and Northeast, Louisiana including the New Orleans area'),(623,'Burlington County, New Jersey'),(624,'City of Los Angeles, California'),(625,'Western Kentucky and Southern Indiana'),(626,'Indiana and Southwest Ohio'),(627,'West, West Central and Southern Indiana'),(628,'Calapooya Substation, Oregon'),(629,'Mississippi, Alabama'),(630,'Alabama; Georgia'),(631,'Wilson County North Carolina'),(632,'Tacoma, Washington'),(633,'Tampa Electric Service Territory'),(634,'Central California'),(635,'Athens, New York'),(636,'Greater Houston/Galveston Area'),(637,'Southern Louisiana'),(638,'Parts of Alabama, Mississippi, Georgia, Florida'),(639,'Eastern Hillsborough, Polk County, Florida'),(640,'Virginia'),(641,'Greater Baltimore area, Maryland'),(642,'Boston, Southeast Massachusetts'),(643,'San  Jose, California'),(644,'St. Louis, Missouri'),(645,'Soledad Canyon near Acton, California'),(646,'New England'),(647,'Southeastern Michigan'),(648,'Sacramento, California'),(649,'State of Maine'),(650,'Southeast  Wisconsin'),(651,'Southern Lower Peninsula, Michigan'),(652,'Southeast New York; New Jersey'),(653,'Minneapolis/St. Paul, Minnesota'),(654,'Southern California'),(655,'Western Washington'),(656,'Mid-Columbia River Generation, Washington'),(657,'Tacoma Washington'),(658,'Central Pennsylvania'),(659,'Lakeland, Florida'),(660,'Oregon Counties:  Washington, Yamhill'),(661,'San Diego County, California'),(662,'Tulsa, Oklahoma'),(663,'Primarily South and Central Louisiana'),(664,'Central Georgia, Alabama'),(665,'Southeast Michigan, Michigan'),(666,'Northern Illinois'),(667,'Sacramento County'),(668,'Upper Peninsula of Michigan and Northeastern Wisconsin'),(669,'Dorothy, New Jersey'),(670,'Central Indiana'),(671,'Western and Central Michigan'),(672,'Newhall, San Frenando, Saugus, and Santa Clarita, California'),(673,'Southwest Kansas'),(674,'Tacoma Park, Maryland'),(675,'Trenton, Michigan'),(676,'Keo, Arkansas'),(677,'Elizabeth City, North Carolina'),(678,'Kentucky'),(679,'New York'),(680,'Chester, Montgomery, Delaware, Philadelphia and Bucks Counties, Pennsylvania'),(681,'Orchard Substation, Washington'),(682,'Henderson County, Kentucky'),(683,'East and Southeast Louisiana'),(684,'FPL\'s service territory mostly in Naples and Ft. Myers Florida'),(685,'All PPL including: Williamsport, Harrisburg, Lancaster, Scranton and Allentown areas'),(686,'Utah'),(687,'Davidson County, Tennessee'),(688,'Southeastern Virginia, Northeastern North Carolina'),(689,'Idaho'),(690,'Southwest Ohio, portions of Indiana'),(691,'Pennsylvania'),(692,'Fort Washington, Maryland'),(693,'Michigan\'s Northerly Lower Peninsula'),(694,'Lincoln, Nebraska'),(695,'East of Fresno California'),(696,'Southwest Louisiana in the Acadia Parish vicinity'),(697,'Southeast New York'),(698,'North Carolina; Virginia'),(699,'Imperial Valley, California'),(700,'Galveston and Brazoria Counties'),(701,'Sunol, California'),(702,'Eastern Montana'),(703,'Upstate New York'),(704,'Indiana; Kentucky; Michigan; Ohio'),(705,'Northern Indiana'),(706,'Entire Con Edison System (five boroughs of NYC and Westchester County)'),(707,'Entire Lower Peninsula Michigan'),(708,'MISO North, Minnesota'),(709,'Erie, Pennsylvania'),(710,'Western, Massachusetts; Connecticut'),(711,'Houston, Texas and the surrounding suburban areas'),(712,'Maryland, North Central West Virginia, Southwestern Pennsylvania, and Northern Pennsylvania'),(713,'Bishopville, Maryland'),(714,'Missouri'),(715,'System-wide greater Houston area'),(716,'Cincinnati, Ohio'),(717,'English Creek, New Jersey'),(718,'Western Connecticut; New York'),(719,'North East North Carolina and Virginia'),(720,'Southern Califonia'),(721,'Lower Michigan Peninsula'),(722,'AEP Region'),(723,'Maryland'),(724,'Upper Michigan Peninsula'),(725,'Southern Company Territory'),(726,'Mid and Southern Lower Peninsula, Michigan'),(727,'Charlotte, North Carolina'),(728,'Virginia and North Carolina'),(729,'Western, New York'),(730,'North Chelsea Substation, New York'),(731,'Parts of Alabama and Georgia'),(732,'Daytona Beach Florida'),(733,'Manitoba, Minnesota, North Dakota, Portions of South Dakota and Wisconsin.  Midwest ISO\'s Market subregions: OTP, NSP, GRE, ALTW, MP'),(734,'Southern and Coastal Maine'),(735,'Frontier/Genesee/Northern New York'),(736,'Western Pennsylvania nd Northeast Central WV'),(737,'Northern Virginia'),(738,'System wide Puerto Rico'),(739,'Bucks, Chester, Delaware, Montgomery, and Philadelphia Counties, Pennsylvania'),(740,'Moore, Oklahoma'),(741,'Ohio; Virginia; West Virginia'),(742,'Southwest Virginia, Southern West Virginia'),(743,'Nashville, Tennessee'),(744,'Shelby County, Tennessee'),(745,'Highland Area of Pittsburgh, Pennsylvania'),(746,'Massachusetts, New Hampshire, Rhode Island'),(747,'Indiana, Michigan, Ohio'),(748,'City of Henderson, Kentucky and Portions of Henderson County, Kentucky'),(749,'Florida counties of Collier, Charlotte and Lee'),(750,'Southeastern South Carolina'),(751,'Felton, Delaware'),(752,'Southern Oregon'),(753,'Indiana Michigan Region - Muncie District'),(754,'City of Seattle, Washington'),(755,'South Central and Southeast Missouri'),(756,'Florida counties of Alachua, Bay, Brevard, Citrus, Columbia, Dixie, Flagler, Franklin, Gilchrist, Gulf, Hamilton, Hardee, Hernando, Highlands, Hillsborough, Jefferson, Lafayette, Lake, Leon, Levy, Madison, Marion, Orange, Osceola, Pasco, Pinellas, Polk, Seminole, Sumter, Suwannee, Taylor, Volusia and Wakulla'),(757,'Pahrump Nevada'),(758,'Michigan Lower Peninsula'),(759,'CAISO California'),(760,'Boston area and Southeast Massachusetts'),(761,'Florida, Mississippi, Alabama, Georgia'),(762,'Central Oklahoma'),(763,'Jacksonville, Arkansas'),(764,'Florida counties of Alachua, Citrus, Columbia, Dixie, Franklin, Gilchrist, Gulf, Hamilton, Hardee, Hernando, Highlands, Jefferson, Lafayette, Lake, Levy, Madison, Marion, Orange, Osceola, Pasco, Pinellas, Polk, Seminole, Sumter, Suwannee, Taylor, Volusia and Wakulla'),(765,'West Tennessee'),(766,'North Carolina; South Carolina'),(767,'Colbert Steam Plant in Cherokee, Alabama'),(768,'Plaquemine, Louisiana'),(769,'Dixie Valley Area, Nevada');
/*!40000 ALTER TABLE `Area` ENABLE KEYS */;
UNLOCK TABLES;

--
-- Table structure for table `EventType`
--

DROP TABLE IF EXISTS `EventType`;
/*!40101 SET @saved_cs_client     = @@character_set_client */;
/*!40101 SET character_set_client = utf8 */;
CREATE TABLE `EventType` (
  `id` int(11) DEFAULT NULL,
  `value` varchar(255) DEFAULT NULL
) ENGINE=InnoDB DEFAULT CHARSET=utf8;
/*!40101 SET character_set_client = @saved_cs_client */;

--
-- Dumping data for table `EventType`
--

LOCK TABLES `EventType` WRITE;
/*!40000 ALTER TABLE `EventType` DISABLE KEYS */;
INSERT INTO `EventType` VALUES (0,'Load Shedding'),(1,'Severe Weather - Lightning Strike'),(2,'Voltage Reduction; Public Appeal due to Severe Weather - Cold'),(3,'Fuel Supply Deficiency'),(4,'Severe Weather - Hurricane Isaac'),(5,'Fuel Supply Emergency-Low Coal Inventory Levels'),(6,'Sabotage; Vandalism'),(7,'Load Shed of 100+ MW Under Emergency Operational Policy'),(8,'Load Shed'),(9,'Public Appeal'),(10,'Physical Attack - Vandalism'),(11,'Electrical System Separation/Severe Lightning Storms'),(12,'Suspected Telecommunications Attack'),(13,'Hurricane Ivan'),(14,'Public Appeal - Heatwave'),(15,'Fire/Load Shedding'),(16,'Physcial Attack; Sabotage'),(17,'Cable Failure'),(18,'Severe Weather - Thunderstorm'),(19,'Fuel Supply Emergency (Natural Gas)'),(20,'Relaying Malfunction'),(21,'Load shedding of 100 Megawatts'),(22,'Tropical Storm Fay'),(23,'Shed Firm Load/Reduced Voltage'),(24,'Lightning'),(25,'Fault at Barre Substation'),(26,'Severe Weather - Nor\'easter'),(27,'Earthquake'),(28,'Breaker Closed'),(29,'Operational Failure; Storm Damage'),(30,'Sabotage'),(31,'Loss of Power from Wholesale Provider; Major Distribution Disruption'),(32,'Physcial Attack; Vandalism'),(33,'Transmission Tripped'),(34,'Fire'),(35,'Vandalism/Theft'),(36,'Severe Weather'),(37,'Severe Thunderstorm'),(38,'System-wide voltage reductions of 3 percent or more'),(39,'Public Appeal to Reduce Electricity Usage'),(40,'Severe Weather - Tornadoes'),(41,'Transmission Level Interruption'),(42,'Ice'),(43,'Load Shed 100+ MW'),(44,'Physical Attack'),(45,'Unit Tripped'),(46,'Widespread Heat Wave/CAISO Implementation of Stage 2 Electrical Emergency Plan'),(47,'Transmission Equipment Failure/Load Shedding'),(48,'Severe Thunderstorm/ Snow/Ice Storm'),(49,'Plant Tripped'),(50,'Interruption of Power'),(51,'Suspected Cyber Attack'),(52,'Snow Storm'),(53,'Distribution Interruption'),(54,'Severe Weather - Dust Storm; Load Shed Event'),(55,'Equipment Trip & Failure'),(56,'Severe Weather; Equipment Failure'),(57,'Brush Fire/Lines Loss/Transmission Emergency Declared'),(58,'Major Snow Storm'),(59,'Strong Thunderstorm'),(60,'Loss of 300+ MW Load'),(61,'Line Outages/Switch Fire'),(62,'Hurricane Katrina'),(63,'Transmission/Distribution Interruption; Load Shed; Generation Inadequacy'),(64,'Severe Weather - Thunderstorms/High Winds'),(65,'Major Transmission Distribution System Interruption'),(66,'Hurricane Katrina disrupted fuel supply in the Gulf of Mexico. Public appeals for conservation were issued.'),(67,'Hurricane Rita disrupted fuel supply in the Gulf of Mexico. Public Appeals for conservation were issued.'),(68,'Cable Tripped'),(69,'Voltage Elec Usage'),(70,'Generation Inadequacy; Load Shed'),(71,'Suspected Sabotage'),(72,'Electrical System Separation (Islanding'),(73,'Winter Storm'),(74,'Firm System Load Shed'),(75,'Public Appeals'),(76,'Loss of Load'),(77,'Load Shedding/Voltage Reduction'),(78,'Voltage Reduction/Load Shed'),(79,'Under Frequency/Load Shedding'),(80,'Generator Trip; Voltage Reduction'),(81,'Fuel Supply Emergency - Petroleum'),(82,'Windstorm'),(83,'Shed Firm Load/ Reduced Voltage'),(84,'Severe Storm'),(85,'Severe Weather - Cold Front, High Winds'),(86,'Electrical System Separation'),(87,'Severe Winter Storm'),(88,'Unknown *'),(89,'Units Tripped'),(90,'Severe Storms (3) (Many customers experienced multiple outages.)'),(91,'High Winds'),(92,'Severe Weather - Wind'),(93,'Severe Weather - Tornados'),(94,'Electrical System Separation/Load Shedding/ Implemented Emergency Alert/Severe Storms'),(95,'Transmission Level Outage'),(96,'Wild Land Fire'),(97,'Fuel Supply Emergency - Hydro'),(98,'Tropical Storm Hanna'),(99,'Earthquakes'),(100,'Public Appeal/Breaker Failure and Fire'),(101,'Transmission Equipment'),(102,'Voltage Reduction/Made Public Appeal/Fuel Deficiency'),(103,'High Wind Gusts'),(104,'Severe Weather - High Winds'),(105,'Severe Weather - Thunderstorms'),(106,'Substation Load Interruption'),(107,'Main Power Transformer Failure/Voltage Reduction/Fire'),(108,'Inadequate Resources'),(109,'Fuel Supply Emergencies (Coal)'),(110,'Severe Weather - Cold'),(111,'Fuel Supply Curtailed'),(112,'Unit Shut Down'),(113,'Electrical System Separation/Severe Thunderstorms'),(114,'Fire/Breaker Failure'),(115,'CAISO determined there was  inadequate electric resources to serve load.  Public appeals and a shedding of interruptible and firm load occurred.'),(116,'Severe Storm with High Wind Gusts'),(117,'Brush Fire/Load Shedding/Implemented Emergency Alert'),(118,'Ice/Wind Storm'),(119,'Heat Storm'),(120,'Fault on 138 KV line'),(121,'Electrical System Separation - Islanding'),(122,'Vandalism; Theft'),(123,'Lightning Storms/Tripped Lines'),(124,'Hurricane Claudette'),(125,'Fuel Supply - Deficiency Coal Rail Transportation Interruption'),(126,'Severe Storms with Strong Winds'),(127,'Firm Load Interruption'),(128,'Public Appeal due to Severe Weather - Cold'),(129,'Severe Weather - Ice/Snow'),(130,'Fuel Supply Emergency - Natural Gas'),(131,'Cyber Event with Potential to Cause Impact'),(132,'Wind Storms'),(133,'Severe Windstorm'),(134,'Declared Stage 1 Electric Emergency/Made Public Appeal'),(135,'Severe Weather/Line Relayed'),(136,'Tripped Lines Fire'),(137,'Transmission Equipment Failure'),(138,'Fuel Supply Deficiency (Water)'),(139,'Severe Weather - Fog'),(140,'Declared Energy Emergency Alert2/Heat Wave'),(141,'Distribution System Interruption'),(142,'Hurricane Katrina disrupted normal gas supplies distribution. Public appeals for conservation were issued.'),(143,'Strong Thunderstorms'),(144,'Interruption of Firm Load'),(145,'High Winds and Heavy Rains'),(146,'Severe Weather - Hailstorm'),(147,'Winter Ice Storm'),(148,'Faulty Switch'),(149,'Fuel Supply Emergency - Coal'),(150,'Widespread Heat Wave/Public Appeals Made'),(151,'Hurricane Rita'),(152,'Strong Thunderstorm/High Winds'),(153,'Tornado'),(154,'Tropical Storm Ida'),(155,'Severe Weather/ Tornadoes'),(156,'Hurricane Ophelia'),(157,'Load Shed/ Automatic undervoltage relay action'),(158,'Equipment Failure'),(159,'Ice Storm/Electrical System Separation'),(160,'Hurricane Ike'),(161,'Hurricane Katrina  disrupted normal gas allotment through natural gas pipelines (FGT & Gulf stream). Public appeals for conservation were issued.'),(162,'Electric System Separation'),(163,'Shed Firm Load/Voltage Reduction'),(164,'Inadequate Electric Resources to Serve Load'),(165,'Electrical System Separation-Islanding'),(166,'Ice Storm'),(167,'Voltage Reduction due to Severe Weather - Cold'),(168,'Declared Energy Emergency Alert 1/Made Public Appeals'),(169,'Generator Loss/Voltage Reduction'),(170,'Major Windstorm'),(171,'Vandalsim'),(172,'Breaker protection cable accidentally cut'),(173,'Brush Fire/Load Shedding'),(174,'Interruption of Firm Power'),(175,'Tropical Storm Cindy'),(176,'Generation Inadequacy/Load Shed'),(177,'Major Storms'),(178,'Tropical Storm Ernesto'),(179,'Electric System Separation/Severe Lightning Storms'),(180,'Fuel Supply Emergency due to Severe Weather - Cold'),(181,'Severe Storms'),(182,'Electrical Separation/Load Shedding/Made Public Appeal'),(183,'Load Shed/ Declared EECP'),(184,'Interruption of Firm Power & Public Appeal'),(185,'Lightning struck Intertie Breaker'),(186,'Energy Deficiency Alert'),(187,'Equipment Failure/Made Public Appeal'),(188,'Flooding and Uncontrolled Loss'),(189,'Storm'),(190,'Transmission  Equipment'),(191,'Load Shed/Made Public Appeals/Rolling Blackouts'),(192,'Severe Weather - Winter Storm Nemo'),(193,'Physical Attack; Vandalism & Sabotage'),(194,'Severe Weather - Storms and Wind'),(195,'Major Freezing Rain and Ice Storm'),(196,'Electrical System Islanding'),(197,'Electrical Fault at Generator'),(198,'Severe Weather - Winter Storm'),(199,'Hurricane Gustav'),(200,'Load Shed of 100+ MW'),(201,'Physical Attack; Vandalism'),(202,'Heavy Snow Storm'),(203,'Major Transmission Line Tripped due to Lightning Strike'),(204,'Trip of a Unit'),(205,'High Winds and Rain'),(206,'Hurricane Isabel'),(207,'Transmission Equipment Failure/Fire'),(208,'Vandalism'),(209,'Generation Inadequacy; Load Shed; Electrical System Separation (Islanding)'),(210,'Uncontrolled Loss'),(211,'Severe Weather - Wind Storm'),(212,'Fuel Supply Deficiency (Natural Gas)'),(213,'Severe Thunderstorms with Strong Winds'),(214,'Loss of 300+ MW Load; Severe Weather - Thunderstorms'),(215,'Interruption of Firm Power (Unit Tripped)'),(216,'Fuel Supply Emergency (Natural Gas & Fuel Oil)'),(217,'Severe Weather - Snow/Ice'),(218,'Physical Attack; Copper Theft'),(219,'Major Wind Storm'),(220,'Generator Trip; Load Shed 100+ MW'),(221,'Lightning Strike'),(222,'Vandalism - Copper Wire Theft'),(223,'Tropical Depression Ike'),(224,'Generator Trip; Load Shed'),(225,'Electrical System Separation (Islanding); Severe Weather'),(226,'Equipment Failure; Transmission System Interruption'),(227,'Electrical System Separation (Islanding)'),(228,'Two Large Units Tripped'),(229,'Severe Snow Storm'),(230,'Hurricane Dolly'),(231,'Vandalism; Equipment Fault'),(232,'Hurricane Charley'),(233,'Load Reduction/Public Appeals Made'),(234,'Public Appeal to Reduce Load'),(235,'Severe Weather - Hail Storm'),(236,'CA ISO  Stage 2 -Initiated interruption of Air Conditioner Cycling Interruptible Load Program'),(237,'Hurricane Jeanne'),(238,'Wildfire'),(239,'Thunderstorms'),(240,'Hurricane Dennis'),(241,'System Wide Voltage Reduction'),(242,'Made Public Appeals'),(243,'Major Storms/Tornadoes'),(244,'Strong Winds'),(245,'Wind/Snow Storm'),(246,'Heavy Rain and Wind Storm'),(247,'Fire/Substation Multiple Public Appeals'),(248,'Complete Electric System Failure'),(249,'Hurricane Rita  disrupted normal gas allotment through natural gas pipelines (FGT & Gulf stream). Public Appeals for conservation were issued.'),(250,'Severe Weather - Wind & Rain'),(251,'Ice/Snow Storm'),(252,'Load Shed 100+MW'),(253,'Actual Physical Attack'),(254,'Wildfire/Shed Interruptible Load'),(255,'Winter Snow/Ice Storm'),(256,'Severe Weather - Heavy Winds'),(257,'Thunderstorms/Uncontrolled Loss of Load'),(258,'Tropical Storm'),(259,'Electrical System Separation/Load Shedding/ Implemented Emergency Alert/ Severe Storms'),(260,'Transmission System Interruption'),(261,'Severe  Thunderstorms with Strong Winds'),(262,'Heat Wave/Potential Fire Threat/Made Public Appeals'),(263,'Transformer Outage'),(264,'Fuel Supply Deficiency/Coal Rail Transportation Interruption'),(265,'Tropical Storm Gaston'),(266,'Fault on Line'),(267,'Made Public Appeal/Transmission Equipment Failure'),(268,'Storm with High Winds'),(269,'Transmission Line Loss'),(270,'Severe Wind Storm'),(271,'CAISO initiated interruption of  interruptible and firm load due to declaration of  Transmission Emergency in Southern California'),(272,'Breaker Failure'),(273,'Wind Storm'),(274,'Suspected Physical Attack'),(275,'Transmission Equipment/Fire'),(276,'Voltage Reduction; Line and Generator Trip'),(277,'High Winds - Severe Storm'),(278,'Switch Error Concerning Breakers'),(279,'Major System Interruption/Load Shed'),(280,'Heavy Snow, High Winds and Rain/Major Distribution System Interruption'),(281,'Unplanned Generator Outage/High Loads Made Public Appeal'),(282,'Lightning/Transmission Equipment Damage'),(283,'Brush Fire/Shed Firm Load'),(284,'Severe Weather - Ice'),(285,'HIgh Winds'),(286,'Shed Firm Load'),(287,'Hurricane Wilma'),(288,'Voltage Reduction/Shed Load'),(289,'Fuel Supply Deficiency - Williams Company: Event for Trans Continental Gas Pipeline'),(290,'Load Shed/Declared EECP'),(291,'Shed Load'),(292,'Severe Weather - Ice and Snow Storm'),(293,'CA ISO Stage 2 -Initiated interruption of Air Conditioner Cycling Interruptible Load Program'),(294,'Load Shed/Severe Weather  - Lightning Storm'),(295,'Firm Load Shed'),(296,'Lines Loss/Transmission'),(297,'Severe Weather - Hurricane Sandy'),(298,'Lightning Storm'),(299,'Severe Lightning Storms'),(300,'Suspicious Activity'),(301,'Voltage Reduction; Public Appeal; Load Shed 100+MW due to Severe Weather - Cold'),(302,'Flood'),(303,'Equipment Malfunction'),(304,'Public Appeal to Reduce Electricity Usage - Wild Fires'),(305,'Voltage Reduction'),(306,'Severe Thunderstorms'),(307,'Major Storm'),(308,'Indequate Electric Resources to Serve Load'),(309,'Interruption of Firm Power (Public Appeal)'),(310,'Fuel Supply Deficiency (Coal)'),(311,'Hurricane Frances'),(312,'Transmission Interruption');
/*!40000 ALTER TABLE `EventType` ENABLE KEYS */;
UNLOCK TABLES;

--
-- Table structure for table `Nerc`
--

DROP TABLE IF EXISTS `Nerc`;
/*!40101 SET @saved_cs_client     = @@character_set_client */;
/*!40101 SET character_set_client = utf8 */;
CREATE TABLE `Nerc` (
  `id` int(11) DEFAULT NULL,
  `value` varchar(255) DEFAULT NULL
) ENGINE=InnoDB DEFAULT CHARSET=utf8;
/*!40101 SET character_set_client = @saved_cs_client */;

--
-- Dumping data for table `Nerc`
--

LOCK TABLES `Nerc` WRITE;
/*!40000 ALTER TABLE `Nerc` DISABLE KEYS */;
INSERT INTO `Nerc` VALUES (0,'PJM'),(1,'ERCOT'),(2,'HECO'),(3,'MAAC'),(4,'WECC'),(5,'HI'),(6,'SPP'),(7,'MAPP'),(8,'RFC'),(9,'PR'),(10,'RFC, SERC'),(11,'NPPC'),(12,'MRO'),(13,'MAIN'),(14,'SERC'),(15,'NPCC'),(16,'TRE'),(17,'ECAR'),(18,'NPCC, RFC'),(19,'FRCC');
/*!40000 ALTER TABLE `Nerc` ENABLE KEYS */;
UNLOCK TABLES;

--
-- Table structure for table `PowerOutages`
--

DROP TABLE IF EXISTS `PowerOutages`;
/*!40101 SET @saved_cs_client     = @@character_set_client */;
/*!40101 SET character_set_client = utf8 */;
CREATE TABLE `PowerOutages` (
  `id` int(11) DEFAULT NULL,
  `event_type_id` int(11) DEFAULT NULL,
  `tag_id` int(11) DEFAULT NULL,
  `area_id` int(11) DEFAULT NULL,
  `nerc_id` int(11) DEFAULT NULL,
  `responsible_id` int(11) DEFAULT NULL,
  `customers_affected` int(11) DEFAULT NULL,
  `date_event_began` datetime DEFAULT NULL,
  `date_event_finished` datetime DEFAULT NULL,
  `demand_loss` int(11) DEFAULT NULL
) ENGINE=InnoDB DEFAULT CHARSET=utf8;
/*!40101 SET character_set_client = @saved_cs_client */;

--
-- Dumping data for table `PowerOutages`
--

LOCK TABLES `PowerOutages` WRITE;
/*!40000 ALTER TABLE `PowerOutages` DISABLE KEYS */;
INSERT INTO `PowerOutages` VALUES (0,105,5,126,8,286,420000,'2014-06-30 20:00:00','2014-07-02 18:30:00',NULL),(1,105,5,259,8,265,127000,'2014-06-30 23:20:00','2014-07-01 17:00:00',NULL),(2,105,5,650,12,127,120000,'2014-06-30 17:55:00','2014-07-01 02:53:00',424),(3,10,36,743,14,142,100000,'2014-06-24 14:54:00','2014-06-24 14:55:00',NULL),(4,10,36,743,14,142,100000,'2014-06-19 08:47:00','2014-06-19 08:48:00',NULL),(5,10,36,315,4,395,100000,'2014-06-18 09:52:00','2014-06-18 19:00:00',NULL),(6,105,5,260,8,346,138802,'2014-06-18 17:00:00','2014-06-20 15:00:00',NULL),(7,105,5,439,12,336,55951,'2014-06-15 00:00:00','2014-06-15 01:00:00',NULL),(8,274,36,569,1,1,100000,'2014-06-12 09:10:00','2014-06-12 09:11:00',NULL),(9,105,5,139,8,153,66383,'2014-06-10 21:50:00','2014-06-11 14:30:00',NULL),(10,196,33,253,4,102,100000,'2014-06-09 11:07:00','2014-06-09 11:30:00',NULL),(11,105,5,544,14,230,65000,'2014-06-07 23:00:00','2014-06-08 05:30:00',217),(12,105,5,744,14,73,38500,'2014-06-05 03:00:00','2014-06-07 23:45:00',494),(13,105,5,765,14,142,56475,'2014-06-05 13:06:00','2014-06-05 13:07:00',NULL),(14,10,36,207,1,113,100000,'2014-06-03 01:38:00','2014-06-03 01:43:00',NULL),(15,227,33,362,4,102,100000,'2014-05-26 12:31:00','2014-05-26 13:18:00',NULL),(16,10,36,31,14,39,100000,'2014-05-23 15:00:00','2014-05-25 19:00:00',NULL),(17,304,41,345,4,238,1400000,'2014-05-16 10:43:00','2014-05-16 21:00:00',3900),(18,10,36,340,4,243,100000,'2014-05-12 13:14:00','2014-05-12 13:15:00',NULL),(19,10,36,708,12,387,100000,'2014-05-11 18:38:00','2014-05-11 18:39:00',NULL),(20,256,1,290,8,32,56000,'2014-05-09 18:00:00','2014-05-11 13:00:00',NULL),(21,44,36,699,4,97,100000,'2014-05-08 08:39:00','2014-05-08 08:40:00',NULL),(22,44,36,434,14,202,100000,'2014-05-08 01:00:00','2014-05-08 01:01:00',NULL),(23,105,5,298,14,230,89000,'2014-04-30 03:50:00','2014-04-30 14:00:00',296),(24,105,5,295,14,142,57000,'2014-04-29 09:37:00','2014-05-01 09:00:00',NULL),(25,10,36,254,4,243,100000,'2014-04-27 12:07:00','2014-04-27 12:09:00',NULL),(26,10,36,567,8,6,100000,'2014-04-25 07:00:00','2014-04-25 07:30:00',NULL),(27,227,33,253,4,102,100000,'2014-04-24 15:02:00','2014-04-24 17:13:00',NULL),(28,21,69,604,14,174,28000,'2014-04-23 19:45:00','2014-04-23 20:37:00',163),(29,36,25,577,8,138,164000,'2014-04-12 20:00:00','2014-04-15 19:30:00',NULL),(30,105,5,671,8,247,50000,'2014-04-12 18:15:00','2014-04-14 09:00:00',NULL),(31,10,36,292,4,268,100000,'2014-04-08 13:00:00','2014-04-08 13:01:00',NULL),(32,305,34,232,9,43,100000,'2014-04-08 11:09:00','2014-04-08 11:20:00',NULL),(33,92,1,222,14,258,57200,'2014-04-04 03:30:00','2014-04-04 08:15:00',NULL),(34,149,26,369,12,127,100000,'2014-04-03 14:45:00','2014-04-09 11:53:00',NULL),(35,241,34,232,9,43,100000,'2014-03-31 15:41:00','2014-03-31 20:08:00',NULL),(36,227,33,590,4,102,100000,'2014-03-26 13:37:00','2014-03-26 14:33:00',NULL),(37,51,57,679,15,308,100000,'2014-03-20 00:00:00','2014-03-20 00:01:00',NULL),(38,10,36,482,12,92,100000,'2014-03-14 12:34:00','2014-03-14 16:45:00',NULL),(39,104,1,31,14,320,61377,'2014-03-12 19:35:00','2014-03-13 12:00:00',250),(40,274,36,482,12,114,100000,'2014-03-11 00:00:00','2014-03-13 00:00:00',NULL),(41,198,8,424,14,320,370900,'2014-03-07 03:30:00','2014-03-07 21:00:00',1500),(42,44,36,457,4,243,100000,'2014-03-05 17:06:00','2014-03-05 17:07:00',NULL),(43,274,36,679,15,403,100000,'2014-03-03 17:25:00','2014-03-03 17:25:00',NULL),(44,198,8,334,14,142,65904,'2014-03-03 06:40:00','2014-03-03 15:28:00',NULL),(45,97,17,656,4,56,100000,'2014-03-03 01:48:00','2014-03-03 01:49:00',630),(46,64,70,349,14,230,66445,'2014-02-21 02:53:00','2014-02-21 21:00:00',221),(47,217,8,301,14,352,66000,'2014-02-20 16:40:00','2014-02-21 23:59:00',NULL),(48,10,36,121,4,243,100000,'2014-02-14 13:00:00','2014-02-14 15:00:00',NULL),(49,217,8,31,14,39,200000,'2014-02-12 12:10:00','2014-02-15 15:20:00',NULL),(50,10,36,80,15,412,100000,'2014-02-12 14:15:00','2014-02-12 14:16:00',NULL),(51,217,8,422,14,190,120124,'2014-02-12 11:03:00','2014-02-15 08:40:00',700),(52,217,8,349,14,230,373835,'2014-02-12 07:48:00','2014-02-15 04:30:00',1246),(53,39,11,207,16,153,100000,'2014-02-07 16:50:00','2014-02-07 20:30:00',NULL),(54,39,11,67,16,314,100000,'2014-02-07 16:30:00','2014-02-08 09:00:00',NULL),(55,130,23,579,4,29,100000,'2014-02-06 13:00:00','2014-02-06 22:00:00',4000),(56,39,11,464,16,153,100000,'2014-02-06 13:58:00','2014-02-06 20:40:00',NULL),(57,130,23,579,4,384,100000,'2014-02-06 14:15:00','2014-02-06 19:39:00',611),(58,130,23,25,4,59,100000,'2014-02-06 13:05:00','2014-02-06 19:15:00',160),(59,39,11,67,16,314,100000,'2014-02-06 15:35:00','2014-02-07 11:30:00',NULL),(60,217,8,691,8,248,144000,'2014-02-05 01:00:00','2014-02-09 20:40:00',NULL),(61,217,8,528,8,333,101580,'2014-02-05 00:00:00','2014-02-09 18:00:00',NULL),(62,284,8,319,8,408,181000,'2014-02-05 08:05:00','2014-02-05 08:06:00',800),(63,217,8,691,8,205,715000,'2014-02-05 05:00:00','2014-02-05 05:01:00',NULL),(64,217,8,175,8,246,62159,'2014-02-05 07:35:00','2014-02-07 04:03:00',NULL),(65,10,36,124,12,160,100000,'2014-01-29 16:00:00','2014-01-29 16:44:00',NULL),(66,128,40,723,8,145,100000,'2014-01-27 14:20:00','2014-01-28 21:00:00',NULL),(67,10,36,534,12,160,100000,'2014-01-25 10:00:00','2014-01-25 11:00:00',NULL),(68,10,36,369,12,160,100000,'2014-01-24 15:30:00','2014-01-24 17:00:00',NULL),(69,10,36,438,4,70,100000,'2014-01-23 21:17:00','2014-01-24 17:00:00',NULL),(70,128,40,334,14,142,100000,'2014-01-23 16:00:00','2014-01-24 12:00:00',NULL),(71,128,40,334,14,73,100000,'2014-01-23 04:00:00','2014-01-24 12:00:00',NULL),(72,128,40,723,8,145,100000,'2014-01-23 13:04:00','2014-01-24 09:00:00',NULL),(73,10,36,7,8,130,100000,'2014-01-22 09:45:00','2014-01-22 20:19:00',NULL),(74,10,36,369,12,160,100000,'2014-01-22 13:55:00','2014-01-22 14:55:00',NULL),(75,274,36,623,8,301,100000,'2014-01-22 21:15:00','2014-01-23 03:08:00',NULL),(76,10,36,369,12,160,100000,'2014-01-22 00:30:00','2014-01-22 02:45:00',NULL),(77,10,36,714,14,352,100000,'2014-01-21 12:14:00','2014-01-21 12:39:00',10),(78,39,11,207,16,314,100000,'2014-01-18 09:00:00','2014-01-18 09:45:00',NULL),(79,274,36,7,8,281,100000,'2014-01-17 12:20:00','2014-01-17 12:20:00',NULL),(80,10,36,686,4,243,100000,'2014-01-15 14:32:00','2014-01-15 14:45:00',NULL),(81,301,40,422,14,190,677858,'2014-01-08 06:00:00','2014-01-08 09:00:00',4545),(82,167,40,124,8,153,100000,'2014-01-08 05:00:00','2014-01-08 06:30:00',576),(83,301,40,422,14,190,677858,'2014-01-07 18:00:00','2014-01-07 23:00:00',4853),(84,128,40,31,14,39,100000,'2014-01-07 16:15:00','2014-01-08 13:20:00',NULL),(85,2,27,31,14,39,100000,'2014-01-07 07:58:00','2014-01-07 11:00:00',14435),(86,180,40,599,14,320,100000,'2014-01-07 09:30:00','2014-01-08 09:30:00',NULL),(87,128,40,124,8,145,100000,'2014-01-07 21:00:00','2014-01-08 09:00:00',NULL),(88,128,40,83,14,142,100000,'2014-01-07 06:00:00','2014-01-07 08:30:00',NULL),(89,128,40,334,14,73,100000,'2014-01-07 06:00:00','2014-01-07 08:30:00',NULL),(90,110,40,691,8,145,100000,'2014-01-07 06:18:00','2014-01-07 06:19:00',NULL),(91,128,40,678,8,37,100000,'2014-01-06 22:00:00','2014-01-06 22:01:00',NULL),(92,128,40,124,8,145,100000,'2014-01-06 20:45:00','2014-01-07 21:00:00',NULL),(93,167,40,691,8,22,62000,'2014-01-06 19:50:00','2014-01-06 20:49:00',200),(94,167,40,567,8,6,100000,'2014-01-06 19:52:00','2014-01-06 20:45:00',NULL),(95,167,40,122,8,304,100000,'2014-01-06 19:50:00','2014-01-06 20:44:00',NULL),(96,167,40,124,8,145,100000,'2014-01-06 19:50:00','2014-01-06 20:44:00',NULL),(97,167,40,691,8,246,100000,'2014-01-06 19:50:00','2014-01-06 20:44:00',NULL),(98,129,8,91,15,76,52500,'2013-12-23 15:20:00','2013-12-25 11:32:00',NULL),(99,129,8,735,15,374,59000,'2013-12-22 06:16:00','2013-12-24 23:59:00',NULL),(100,129,8,58,8,175,50000,'2013-12-22 03:28:00','2013-12-28 23:45:00',NULL),(101,129,8,577,8,346,140735,'2013-12-22 06:30:00','2013-12-25 05:12:00',350),(102,274,36,23,4,71,100000,'2013-12-10 01:01:00','2013-12-11 01:01:00',NULL),(103,129,8,576,14,379,88000,'2013-12-09 06:54:00','2013-12-09 14:22:00',293),(104,129,8,10,16,410,881000,'2013-12-06 01:51:00','2013-12-11 12:00:00',NULL),(105,43,69,55,4,12,100000,'2013-12-04 05:00:00','2013-12-04 16:17:00',150),(106,211,1,25,4,59,89500,'2013-11-21 19:45:00','2013-11-22 03:20:00',150),(107,10,36,106,4,59,100000,'2013-11-20 03:08:00','2013-11-20 03:09:00',NULL),(108,105,5,233,8,136,190000,'2013-11-17 14:31:00','2013-11-17 22:30:00',NULL),(109,292,8,577,8,346,325325,'2013-11-17 07:00:00','2013-11-20 18:54:00',NULL),(110,105,5,506,8,153,77346,'2013-11-17 16:19:00','2013-11-18 18:00:00',NULL),(111,105,5,670,8,130,61705,'2013-11-17 16:47:00','2013-11-20 16:47:00',NULL),(112,105,5,707,8,175,50000,'2013-11-17 16:45:00','2013-11-21 16:45:00',NULL),(113,38,34,47,8,224,7500,'2013-11-17 12:35:00','2013-11-17 13:40:00',38),(114,105,5,259,8,265,75065,'2013-11-17 13:06:00','2013-11-20 13:06:00',NULL),(115,40,6,670,8,383,61705,'2013-11-17 16:47:00','2013-11-20 11:59:00',535),(116,40,6,261,14,352,200000,'2013-11-17 12:35:00','2013-11-20 11:00:00',NULL),(117,227,33,296,4,59,48400,'2013-11-12 14:04:00','2013-11-12 14:05:00',55),(118,31,59,508,6,353,100000,'2013-11-12 09:14:00','2013-11-12 10:30:00',NULL),(119,44,36,290,8,383,100000,'2013-11-05 10:10:00','2013-11-07 10:10:00',NULL),(120,10,36,6,15,412,100000,'2013-11-04 09:04:00','2013-11-04 09:05:00',NULL),(121,256,1,85,4,370,105000,'2013-11-02 00:00:00','2013-11-04 06:00:00',NULL),(122,10,36,247,8,6,100000,'2013-11-01 13:26:00','2013-11-01 13:27:00',NULL),(123,235,47,147,16,295,171117,'2013-10-27 04:27:00','2013-10-27 22:27:00',NULL),(124,274,36,23,4,71,100000,'2013-10-26 07:13:00','2013-10-26 07:14:00',NULL),(125,227,33,94,4,59,433,'2013-10-21 05:18:00','2013-10-21 05:33:00',115),(126,44,36,579,4,59,100000,'2013-10-19 14:32:00','2013-10-19 22:00:00',NULL),(127,131,57,619,14,39,0,'2013-10-16 11:15:00','2013-10-16 18:00:00',0),(128,44,36,676,14,377,100000,'2013-10-11 14:30:00','2013-10-11 18:30:00',NULL),(129,44,36,763,6,256,9200,'2013-10-06 07:25:00','2013-10-06 09:15:00',NULL),(130,16,36,17,14,329,100000,'2013-09-29 00:00:00','2013-09-29 01:00:00',NULL),(131,105,5,647,8,346,75000,'2013-09-11 16:00:00','2013-09-15 16:00:00',400),(132,200,69,709,8,145,100000,'2013-09-10 17:42:00','2013-09-11 00:02:00',105),(133,105,5,143,8,286,157000,'2013-08-30 19:30:00','2013-08-31 01:30:00',NULL),(134,225,71,196,12,336,7000,'2013-08-29 14:57:00','2013-08-29 15:29:00',15),(135,32,36,282,6,84,100000,'2013-08-29 09:50:00','2013-08-29 09:50:00',NULL),(136,32,36,657,4,70,100000,'2013-08-26 20:15:00','2013-08-26 20:16:00',NULL),(137,32,36,190,8,6,100000,'2013-08-22 12:55:00','2013-08-22 14:45:00',NULL),(138,1,5,634,4,409,124000,'2013-08-19 19:06:00','2013-08-20 06:02:00',685),(139,105,5,520,16,295,219681,'2013-08-16 16:58:00','2013-08-17 23:58:00',NULL),(140,300,9,121,4,243,100000,'2013-08-12 11:55:00','2013-08-12 11:59:00',NULL),(141,105,5,96,12,127,51160,'2013-08-07 00:15:00','2013-08-07 21:27:00',220),(142,32,36,18,4,234,100000,'2013-08-07 14:30:00','2013-08-08 13:00:00',NULL),(143,216,23,183,12,376,100000,'2013-08-07 07:30:00','2013-08-07 09:14:00',NULL),(144,32,36,171,4,313,100000,'2013-08-06 16:00:00','2013-08-06 17:32:00',NULL),(145,225,71,251,4,218,100000,'2013-08-05 18:35:00','2013-08-05 18:45:00',NULL),(146,72,33,497,4,218,100000,'2013-08-01 18:54:00','2013-08-01 19:37:00',420),(147,60,69,732,19,63,104498,'2013-08-01 23:19:00','2013-08-02 00:49:00',297),(148,105,5,662,6,153,92748,'2013-07-23 23:38:00','2013-07-25 04:30:00',500),(149,201,36,579,4,111,100000,'2013-07-22 07:00:00','2013-07-22 15:00:00',NULL),(150,105,5,679,15,398,74300,'2013-07-19 22:30:00','2013-07-21 20:00:00',NULL),(151,105,5,577,8,346,156627,'2013-07-19 18:00:00','2013-07-20 09:00:00',NULL),(152,14,52,703,15,374,100000,'2013-07-18 11:30:00','2013-07-19 17:30:00',NULL),(153,158,2,529,4,238,123000,'2013-07-18 23:45:00','2013-07-19 10:05:00',200),(154,19,23,342,15,19,100000,'2013-07-17 15:30:00','2013-07-19 06:45:00',417),(155,201,36,315,4,70,100000,'2013-07-12 10:00:00','2013-07-12 10:01:00',NULL),(156,201,36,23,4,71,100000,'2013-07-11 23:20:00','2013-07-14 15:22:00',455),(157,218,36,262,15,412,0,'2013-07-10 14:30:00','2013-07-10 14:45:00',0),(158,201,36,579,4,59,2500,'2013-07-05 00:05:00','2013-07-05 01:51:00',NULL),(159,276,75,389,9,43,393000,'2013-07-03 12:04:00','2013-07-03 12:48:00',480),(160,274,36,316,4,112,0,'2013-07-03 09:34:00','2013-07-03 10:52:00',0),(161,252,69,253,4,276,100000,'2013-07-02 14:20:00','2013-07-05 15:30:00',200),(162,158,2,378,4,409,65255,'2013-06-28 18:02:00','2013-06-28 20:46:00',240),(163,201,36,580,8,6,100000,'2013-06-28 17:14:00','2013-06-28 17:15:00',NULL),(164,201,36,80,15,412,100000,'2013-06-28 13:00:00','2013-06-28 13:01:00',NULL),(165,201,36,65,8,266,100000,'2013-06-27 01:10:00','2013-06-27 02:45:00',NULL),(166,105,5,11,8,346,138000,'2013-06-27 17:00:00','2013-06-28 00:00:00',NULL),(167,105,5,126,8,286,283451,'2013-06-24 19:30:00','2013-06-25 17:46:00',NULL),(168,105,5,290,8,265,86615,'2013-06-24 19:30:00','2013-06-26 17:00:00',NULL),(169,139,61,517,4,59,148000,'2013-06-23 21:20:00','2013-06-24 01:35:00',NULL),(170,274,36,702,4,192,100000,'2013-06-22 16:12:00','2013-06-22 17:45:00',NULL),(171,201,36,580,8,6,100000,'2013-06-21 23:14:00','2013-06-21 23:15:00',NULL),(172,193,36,757,4,9,1100,'2013-06-21 07:40:00','2013-06-21 12:14:00',NULL),(173,146,47,318,12,336,193000,'2013-06-21 03:00:00','2013-06-26 12:00:00',NULL),(174,146,47,161,12,336,400000,'2013-06-21 17:39:00','2013-06-24 06:00:00',NULL),(175,32,36,485,8,304,100000,'2013-06-20 18:00:00','2013-06-21 10:00:00',NULL),(176,227,33,253,4,276,100000,'2013-06-19 19:57:00','2013-06-19 20:09:00',NULL),(177,227,33,221,4,193,100000,'2013-06-18 15:51:00','2013-06-18 16:23:00',6),(178,7,69,446,19,96,37,'2013-06-17 16:17:00','2013-06-17 18:49:00',180),(179,105,5,725,14,230,165798,'2013-06-13 20:47:00','2013-06-14 22:47:00',550),(180,105,5,741,10,153,90247,'2013-06-13 15:20:00','2013-06-14 21:10:00',NULL),(181,105,5,39,14,39,53000,'2013-06-13 17:45:00','2013-06-14 18:30:00',NULL),(182,105,5,426,14,320,175000,'2013-06-13 13:17:00','2013-06-14 17:35:00',1000),(183,105,5,335,14,379,283000,'2013-06-13 16:08:00','2013-06-14 17:16:00',900),(184,214,5,45,8,266,40000,'2013-06-13 15:30:00','2013-06-13 16:00:00',700),(185,227,33,253,4,218,100000,'2013-06-03 12:50:00','2013-06-03 13:36:00',NULL),(186,105,5,459,14,352,100000,'2013-05-31 19:30:00','2013-06-01 20:00:00',NULL),(187,260,42,144,12,405,6300,'2013-05-31 19:07:00','2013-06-01 14:15:00',102),(188,93,6,358,6,324,127000,'2013-05-31 18:00:00','2013-06-04 10:30:00',NULL),(189,105,5,305,15,374,61795,'2013-05-29 20:58:00','2013-05-31 14:53:00',NULL),(190,44,36,583,14,379,100000,'2013-05-29 00:00:00','2013-05-29 00:02:00',NULL),(191,35,36,186,15,412,100000,'2013-05-28 13:00:00','2013-05-28 18:00:00',NULL),(192,241,34,738,9,43,197287,'2013-05-22 10:51:00','2013-05-22 10:57:00',280),(193,220,43,490,14,106,21800,'2013-05-20 17:22:00','2013-05-20 21:09:00',103),(194,93,6,740,6,324,41306,'2013-05-20 15:00:00','2013-05-22 17:00:00',NULL),(195,208,9,363,8,6,100000,'2013-05-17 08:35:00','2013-05-17 08:36:00',NULL),(196,208,9,247,8,6,100000,'2013-05-15 14:11:00','2013-05-15 14:12:00',NULL),(197,227,33,81,4,120,100000,'2013-05-09 13:21:00','2013-05-09 16:21:00',NULL),(198,227,33,124,4,120,100000,'2013-05-02 06:52:00','2013-05-02 10:07:00',NULL),(199,227,33,115,4,171,35230,'2013-05-01 09:22:00','2013-05-01 09:24:00',123),(200,208,9,701,4,356,0,'2013-04-25 16:00:00','2013-04-26 10:55:00',0),(201,208,9,510,8,6,100000,'2013-04-23 11:00:00','2013-04-23 11:01:00',NULL),(202,227,33,461,4,59,1,'2013-04-23 00:49:00','2013-04-23 04:04:00',80),(203,194,1,665,8,346,99188,'2013-04-18 15:00:00','2013-04-21 03:30:00',NULL),(204,274,36,767,14,142,100000,'2013-04-17 15:36:00','2013-04-17 16:53:00',NULL),(205,6,9,128,4,391,0,'2013-04-03 11:05:00','2013-04-03 14:00:00',0),(206,222,36,405,15,412,100000,'2013-04-01 08:40:00','2013-04-01 08:41:00',NULL),(207,274,36,723,8,65,100000,'2013-03-29 10:16:00','2013-03-29 10:17:00',NULL),(208,208,9,247,8,6,100000,'2013-03-28 13:01:00','2013-03-28 13:02:00',NULL),(209,201,36,331,15,412,100000,'2013-03-27 10:25:00','2013-03-27 12:19:00',NULL),(210,208,9,405,15,412,100000,'2013-03-23 07:00:00','2013-03-23 09:00:00',NULL),(211,274,36,344,19,110,0,'2013-03-18 17:50:00','2013-03-18 18:07:00',0),(212,105,5,451,14,230,240000,'2013-03-18 19:30:00','2013-03-20 14:30:00',800),(213,224,43,131,9,43,262937,'2013-03-18 05:21:00','2013-03-18 05:41:00',350),(214,198,8,373,14,379,233000,'2013-03-06 08:22:00','2013-03-07 10:27:00',400),(215,226,3,173,9,43,100000,'2013-03-04 09:49:00','2013-03-04 22:00:00',NULL),(216,208,9,674,8,266,100000,'2013-03-03 16:27:00','2013-03-03 18:20:00',NULL),(217,260,42,563,4,59,58850,'2013-03-03 06:39:00','2013-03-03 10:29:00',300),(218,192,8,606,14,406,56444,'2013-02-26 13:00:00','2013-03-01 10:00:00',NULL),(219,208,9,214,4,313,100000,'2013-02-21 11:00:00','2013-02-21 11:30:00',NULL),(220,227,33,473,4,267,6810,'2013-02-19 16:01:00','2013-02-20 12:55:00',13850),(221,208,9,411,8,266,1,'2013-02-16 07:54:00','2013-02-16 07:54:00',1),(222,81,60,201,15,185,1,'2013-02-13 17:39:00','2013-02-15 17:50:00',1),(223,208,9,692,8,266,1,'2013-02-13 09:30:00','2013-02-13 09:30:00',1),(224,80,75,232,9,43,100000,'2013-02-10 19:46:00','2013-02-10 20:15:00',350),(225,231,31,514,4,380,100000,'2013-02-09 08:30:00','2013-02-09 15:00:00',NULL),(226,55,2,472,8,266,52000,'2013-02-08 11:38:00','2013-02-08 14:17:00',140),(227,192,8,760,15,275,50000,'2013-02-08 20:55:00','2013-02-12 04:00:00',NULL),(228,208,9,716,8,235,0,'2013-02-07 08:32:00','2013-02-07 09:47:00',NULL),(229,211,1,405,15,412,75000,'2013-01-31 06:30:00','2013-01-31 10:00:00',75),(230,211,1,364,14,379,119000,'2013-01-31 03:05:00','2013-01-31 04:48:00',188),(231,44,36,168,4,70,100000,'2013-01-28 16:46:00','2013-01-28 18:00:00',NULL),(232,211,1,647,8,346,146500,'2013-01-20 03:30:00','2013-01-23 06:15:00',NULL),(233,53,44,677,14,123,12000,'2013-01-17 20:35:00','2013-01-17 21:20:00',40),(234,198,8,742,8,31,127000,'2013-01-17 18:07:00','2013-01-20 19:30:00',NULL),(235,198,8,83,14,142,80000,'2013-01-17 19:02:00','2013-01-19 18:00:00',NULL),(236,274,36,166,4,90,0,'2013-01-16 16:45:00','2013-01-16 19:26:00',0),(237,32,36,32,8,6,100000,'2013-01-16 14:25:00','2013-01-16 14:25:00',NULL),(238,32,36,32,8,6,100000,'2013-01-07 10:43:00','2013-01-07 10:43:00',NULL),(239,312,42,31,14,152,12000,'2012-12-31 14:21:00','2012-12-31 16:30:00',40),(240,18,5,455,14,51,1200,'2012-12-26 14:50:00','2012-12-26 19:40:00',3),(241,85,53,147,16,295,262000,'2012-12-25 09:28:00','2012-12-26 16:28:00',294),(242,198,8,435,6,60,242509,'2012-12-25 00:45:00','2012-12-28 16:15:00',NULL),(243,274,36,632,4,70,0,'2012-12-17 06:55:00','2012-12-17 07:00:00',0),(244,8,69,333,4,279,100000,'2012-12-06 21:18:00','2012-12-06 21:31:00',390),(245,274,36,632,4,70,0,'2012-12-03 12:02:00','2012-12-03 12:30:00',0),(246,198,8,25,4,59,125000,'2012-12-02 05:20:00','2012-12-04 09:00:00',250),(247,201,36,453,15,412,0,'2012-11-27 13:07:00','2012-11-27 13:40:00',0),(248,201,36,14,8,6,0,'2012-11-26 12:37:00','2012-11-26 12:38:00',0),(249,3,59,42,16,314,0,'2012-11-17 10:00:00','2012-11-18 10:00:00',1231),(250,51,57,522,12,392,100000,'2012-11-15 21:09:00','2012-11-15 21:26:00',NULL),(251,201,36,142,15,412,0,'2012-11-15 05:38:00','2012-11-15 05:39:00',0),(252,201,36,713,8,6,0,'2012-11-08 09:34:00','2012-11-08 09:35:00',0),(253,201,36,453,15,412,0,'2012-11-07 14:21:00','2012-11-07 14:48:00',0),(254,201,36,372,15,412,0,'2012-11-02 09:30:00','2012-11-02 12:10:00',0),(255,26,16,584,8,346,133777,'2012-10-30 02:00:00','2012-11-01 22:00:00',NULL),(256,201,36,137,4,44,100000,'2012-10-30 15:00:00','2012-10-30 15:01:00',NULL),(257,208,9,49,15,412,0,'2012-10-30 13:20:00','2012-10-30 13:25:00',0),(258,201,36,8,8,249,0,'2012-10-30 00:00:00','2012-10-30 00:02:00',0),(259,297,35,393,8,86,346000,'2012-10-29 16:00:00','2012-11-05 23:59:00',0),(260,297,35,370,8,248,270000,'2012-10-29 16:00:00','2012-11-07 23:48:00',0),(261,297,35,425,8,316,217000,'2012-10-29 12:00:00','2012-11-04 23:00:00',NULL),(262,297,35,425,8,315,100000,'2012-10-29 08:00:00','2012-11-04 23:00:00',NULL),(263,297,35,658,8,246,400000,'2012-10-29 18:11:00','2012-11-04 22:50:00',NULL),(264,297,35,162,15,269,649075,'2012-10-29 15:15:00','2012-11-04 20:00:00',0),(265,297,35,640,8,379,156000,'2012-10-29 18:12:00','2012-10-30 19:35:00',520),(266,297,35,127,15,2,818000,'2012-10-29 16:01:00','2012-11-08 19:00:00',0),(267,297,35,642,15,390,50000,'2012-10-29 14:40:00','2012-10-30 18:16:00',NULL),(268,297,35,103,8,6,70000,'2012-10-29 09:00:00','2012-11-02 18:00:00',NULL),(269,297,35,416,8,333,150000,'2012-10-29 16:00:00','2012-11-08 17:08:00',NULL),(270,297,35,22,15,412,50000,'2012-10-29 19:15:00','2012-10-30 15:02:00',NULL),(271,297,35,425,15,46,50000,'2012-10-29 16:03:00','2012-11-06 12:00:00',NULL),(272,297,35,679,15,122,371000,'2012-10-29 18:48:00','2012-11-04 11:36:00',NULL),(273,297,35,113,8,408,219000,'2012-10-29 17:13:00','2012-10-31 11:00:00',0),(274,297,35,652,18,403,200000,'2012-10-29 18:46:00','2012-11-03 10:45:00',NULL),(275,201,36,135,4,227,0,'2012-10-29 09:00:00','2012-10-29 09:01:00',0),(276,26,16,704,10,153,173273,'2012-10-29 19:00:00','2012-11-02 05:00:00',NULL),(277,297,35,201,15,179,50000,'2012-10-29 14:45:00','2012-11-01 01:30:00',NULL),(278,297,35,607,8,205,850000,'2012-10-29 17:30:00','2012-11-06 00:00:00',NULL),(279,201,36,510,8,6,0,'2012-10-25 18:51:00','2012-10-25 19:30:00',0),(280,201,36,137,4,44,0,'2012-10-25 14:39:00','2012-10-25 18:00:00',0),(281,201,36,421,8,6,0,'2012-10-24 15:15:00','2012-10-24 15:16:00',0),(282,201,36,234,8,249,0,'2012-10-24 00:00:00','2012-10-24 00:01:00',0),(283,274,36,553,8,249,0,'2012-10-24 00:00:00','2012-10-24 00:01:00',0),(284,260,42,608,8,146,9800,'2012-10-23 09:10:00','2012-10-23 09:16:00',49),(285,201,36,396,8,249,0,'2012-10-22 00:00:00','2012-10-22 00:01:00',0),(286,122,36,311,15,412,0,'2012-10-15 14:15:00','2012-10-15 14:16:00',0),(287,227,33,25,4,59,2035,'2012-10-14 10:36:00','2012-10-14 10:50:00',3),(288,171,9,516,8,249,0,'2012-10-11 00:00:00','2012-10-11 00:01:00',0),(289,171,9,516,8,249,0,'2012-10-09 00:00:00','2012-10-09 00:01:00',0),(290,305,34,232,9,89,371526,'2012-09-26 21:16:00','2012-09-26 22:18:00',600),(291,274,36,553,8,303,0,'2012-09-24 00:00:00','2012-09-25 00:00:00',0),(292,227,33,253,4,12,0,'2012-09-11 13:00:00','2012-09-11 13:58:00',0),(293,105,5,640,14,379,119000,'2012-09-08 15:53:00','2012-09-09 19:46:00',475),(294,105,5,494,8,303,65000,'2012-09-08 15:40:00','2012-09-08 18:45:00',NULL),(295,105,5,117,14,397,64951,'2012-09-07 21:30:00','2012-09-08 01:00:00',NULL),(296,227,33,253,4,257,0,'2012-09-05 10:56:00','2012-09-05 11:27:00',0),(297,4,35,249,14,254,68018,'2012-08-29 06:53:00','2012-08-30 14:00:00',150),(298,4,35,249,6,209,95000,'2012-08-29 09:48:00','2012-08-31 12:55:00',NULL),(299,4,35,249,14,188,50000,'2012-08-29 09:00:00','2012-08-31 12:00:00',300),(300,4,35,223,14,60,770000,'2012-08-28 06:00:00','2012-09-04 08:00:00',NULL),(301,274,36,368,4,337,3314,'2012-08-19 08:42:00','2012-08-19 12:08:00',12),(302,208,9,705,8,265,0,'2012-08-16 13:13:00','2012-08-16 13:13:00',0),(303,54,45,536,4,257,100000,'2012-08-13 15:52:00','2012-08-13 19:44:00',655),(304,208,9,267,14,142,100000,'2012-08-13 13:15:00','2012-08-13 13:15:00',NULL),(305,105,5,617,8,286,325000,'2012-08-04 17:30:00','2012-08-05 12:10:00',NULL),(306,227,33,244,4,59,127,'2012-08-04 03:55:00','2012-08-04 04:21:00',5),(307,39,11,170,6,324,100000,'2012-08-01 12:00:00','2012-08-01 12:00:00',NULL),(308,105,5,670,8,130,52702,'2012-07-27 17:19:00','2012-07-28 17:19:00',NULL),(309,105,5,155,8,31,57054,'2012-07-26 18:30:00','2012-07-27 17:22:00',NULL),(310,105,5,666,8,286,330000,'2012-07-24 07:30:00','2012-07-24 22:00:00',NULL),(311,56,10,197,6,345,70000,'2012-07-21 02:19:00','2012-07-21 05:20:00',220),(312,105,5,412,8,130,103000,'2012-07-18 14:16:00','2012-07-19 23:58:00',480),(313,105,5,155,8,31,67000,'2012-07-18 16:20:00','2012-07-18 19:05:00',NULL),(314,105,5,666,8,286,181000,'2012-07-18 23:00:00','2012-07-19 06:00:00',NULL),(315,186,67,253,4,218,100000,'2012-07-09 12:15:00','2012-07-09 16:14:00',9896),(316,138,17,759,4,279,0,'2012-07-07 04:00:00','2012-07-10 04:00:00',NULL),(317,105,5,66,8,247,111000,'2012-07-05 00:00:00','2012-07-06 20:30:00',NULL),(318,29,54,361,14,191,6100,'2012-07-01 16:47:00','2012-07-01 23:00:00',48),(319,36,25,385,14,305,69106,'2012-07-01 17:45:00','2012-07-01 22:15:00',NULL),(320,105,5,126,8,286,320000,'2012-07-01 13:00:00','2012-07-03 15:00:00',NULL),(321,105,5,75,8,359,205000,'2012-06-30 01:15:00','2012-07-07 17:33:00',NULL),(322,39,11,83,14,124,100000,'2012-06-30 15:00:00','2012-07-02 12:00:00',NULL),(323,105,5,304,8,404,60000,'2012-06-30 22:30:00','2012-07-02 08:11:00',354),(324,105,5,428,8,6,86390,'2012-06-30 01:00:00','2012-07-03 01:00:00',0),(325,105,5,255,8,130,4645572,'2012-06-29 17:15:00','2012-07-02 23:59:00',2946),(326,39,11,87,14,60,7935,'2012-06-29 16:00:00','2012-06-29 21:00:00',45),(327,105,5,416,8,177,145000,'2012-06-29 19:00:00','2012-07-07 19:43:00',NULL),(328,105,5,588,8,322,175000,'2012-06-29 14:10:00','2012-07-04 18:00:00',500),(329,55,2,232,9,89,900000,'2012-06-29 12:10:00','2012-06-29 17:02:00',1800),(330,105,5,402,8,31,1355919,'2012-06-29 16:00:00','2012-07-02 16:00:00',NULL),(331,105,5,640,14,291,880000,'2012-06-29 22:29:00','2012-07-04 15:36:00',5000),(332,105,5,566,8,414,425000,'2012-06-29 22:15:00','2012-07-05 12:52:00',3000),(333,105,5,641,8,354,600000,'2012-06-29 22:43:00','2012-07-05 11:50:00',1465),(334,44,36,190,8,6,0,'2012-06-29 10:45:00','2012-06-29 10:45:00',0),(335,105,5,139,8,219,265000,'2012-06-29 18:24:00','2012-07-06 10:00:00',700),(336,105,5,617,8,286,109000,'2012-06-29 23:30:00','2012-06-30 02:00:00',NULL),(337,250,14,272,14,291,190000,'2012-06-25 16:04:00','2012-06-26 13:45:00',600),(338,8,69,26,15,412,29250,'2012-06-23 18:57:00','2012-06-23 19:28:00',51),(339,105,5,653,12,336,68200,'2012-06-19 04:30:00','2012-06-20 23:00:00',NULL),(340,138,17,19,4,279,100000,'2012-06-19 05:30:00','2012-06-21 05:30:00',NULL),(341,208,9,166,4,90,0,'2012-06-13 16:55:00','2012-06-13 22:09:00',0),(342,105,5,147,16,295,175000,'2012-06-12 15:57:00','2012-06-14 04:57:00',920),(343,105,5,239,14,230,110591,'2012-06-11 19:50:00','2012-06-12 15:00:00',368),(344,8,69,409,4,16,30379,'2012-06-08 17:20:00','2012-06-08 17:25:00',120),(345,208,9,380,8,249,0,'2012-06-06 12:37:00','2012-06-06 12:37:00',0),(346,44,36,377,8,31,0,'2012-05-31 23:45:00','2012-06-01 04:30:00',0),(347,105,5,376,6,54,112000,'2012-05-29 20:35:00','2012-05-31 10:00:00',NULL),(348,44,36,289,15,412,100000,'2012-05-24 15:20:00','2012-05-25 17:29:00',NULL),(349,294,56,155,8,31,1,'2012-05-07 17:45:00','2012-05-07 18:06:00',420),(350,208,9,486,15,412,0,'2012-05-07 12:50:00','2012-05-07 14:00:00',0),(351,274,36,661,4,244,0,'2012-04-17 06:11:00','2012-04-17 17:48:00',0),(352,104,1,539,8,148,111393,'2012-04-16 15:46:00','2012-04-19 02:00:00',218),(353,274,36,309,14,230,100000,'2012-04-15 19:38:00','2012-04-15 21:26:00',NULL),(354,208,9,480,15,107,0,'2012-04-11 09:00:00','2012-04-11 09:00:00',0),(355,44,36,510,8,6,0,'2012-04-07 14:35:00','2012-04-07 14:36:00',0),(356,44,36,510,8,6,0,'2012-04-07 12:25:00','2012-04-07 12:26:00',0),(357,44,36,510,8,6,0,'2012-04-07 09:31:00','2012-04-07 09:32:00',0),(358,44,36,611,4,150,0,'2012-04-03 15:33:00','2012-04-03 20:25:00',0),(359,208,9,452,15,412,0,'2012-04-03 11:10:00','2012-04-03 11:25:00',0),(360,208,9,40,12,251,0,'2012-04-01 20:27:00','2012-04-03 08:28:00',0),(361,227,33,297,8,242,0,'2012-03-29 12:01:00','2012-03-29 12:02:00',NULL),(362,274,36,510,8,6,0,'2012-03-23 19:34:00','2012-03-23 19:34:00',0),(363,274,36,190,8,6,0,'2012-03-16 16:00:00','2012-03-16 16:00:00',0),(364,274,36,207,14,369,100000,'2012-03-04 13:38:00','2012-03-05 11:00:00',NULL),(365,198,8,153,8,247,140000,'2012-03-02 21:00:00','2012-03-04 17:30:00',50),(366,198,8,37,8,148,130000,'2012-03-02 21:00:00','2012-03-05 16:30:00',371),(367,40,6,194,14,124,100000,'2012-03-02 12:37:00','2012-03-05 12:01:00',500),(368,274,36,470,4,229,100000,'2012-02-28 07:00:00','2012-02-28 07:00:00',NULL),(369,227,33,648,4,181,1,'2012-02-28 02:59:00','2012-02-28 06:12:00',1),(370,274,36,130,16,299,0,'2012-02-23 05:45:00','2012-02-23 15:02:00',0),(371,274,36,568,15,412,0,'2012-02-23 23:12:00','2012-02-24 01:00:00',0),(372,198,8,20,14,153,90000,'2012-02-19 17:00:00','2012-02-21 07:33:00',NULL),(373,51,57,474,14,393,100000,'2012-02-17 03:00:00','2012-02-17 11:33:00',NULL),(374,274,36,132,4,370,0,'2012-02-15 05:33:00','2012-02-15 17:30:00',0),(375,274,36,102,4,335,0,'2012-02-11 08:47:00','2012-02-11 10:30:00',0),(376,198,8,501,4,370,426000,'2012-01-19 07:00:00','2012-01-20 15:00:00',1600),(377,44,36,510,8,6,0,'2012-01-13 09:20:00','2012-01-13 09:20:00',0),(378,44,36,510,8,6,0,'2012-01-12 08:26:00','2012-01-12 08:26:00',0),(379,274,36,589,4,78,0,'2012-01-11 07:19:00','2012-01-11 09:07:00',0),(380,8,69,249,14,144,1,'2012-01-09 13:36:00','2012-01-11 01:05:00',150),(381,30,9,423,6,153,0,'2012-01-05 10:35:00','2012-01-05 12:25:00',0),(382,51,57,365,4,245,0,'2011-12-21 10:30:00','2011-12-21 10:30:00',0),(383,274,36,330,4,243,2500,'2011-12-20 07:45:00','2011-12-20 08:45:00',12),(384,36,25,272,14,379,60000,'2011-12-07 19:29:00','2011-12-07 22:57:00',240),(385,39,11,329,12,309,34500,'2011-12-06 08:00:00','2011-12-06 20:00:00',155),(386,274,36,165,8,92,0,'2011-12-06 17:38:00','2011-12-07 11:04:00',0),(387,36,25,654,4,199,91690,'2011-12-01 00:45:00','2011-12-07 21:00:00',NULL),(388,36,25,602,4,243,60000,'2011-12-01 10:00:00','2011-12-02 13:11:00',NULL),(389,36,25,25,4,181,100000,'2011-12-01 03:29:00','2011-12-02 13:05:00',300),(390,208,9,681,4,165,0,'2011-11-30 10:00:00','2011-11-30 11:00:00',0),(391,36,25,624,4,66,150000,'2011-11-30 16:56:00','2011-12-02 10:00:00',NULL),(392,274,36,290,8,253,0,'2011-11-22 23:16:00','2011-11-22 23:16:00',0),(393,208,9,189,8,359,0,'2011-11-14 14:24:00','2011-11-14 14:24:00',0),(394,208,9,52,15,186,0,'2011-11-13 11:30:00','2011-11-13 12:00:00',0),(395,208,9,594,4,243,0,'2011-11-04 10:46:00','2011-11-04 10:46:00',0),(396,36,25,466,8,402,146721,'2011-10-29 12:57:00','2011-11-03 23:00:00',NULL),(397,36,25,410,15,350,50000,'2011-10-29 16:16:00','2011-11-02 21:30:00',NULL),(398,36,25,691,8,317,312359,'2011-10-29 08:59:00','2011-11-07 19:58:00',NULL),(399,36,25,306,15,412,1418100,'2011-10-29 16:14:00','2011-11-07 16:00:00',NULL),(400,36,25,691,8,24,50000,'2011-10-29 08:59:00','2011-11-07 15:00:00',NULL),(401,36,25,548,8,318,379000,'2011-10-29 09:59:00','2011-11-07 13:00:00',NULL),(402,36,25,425,8,198,197000,'2011-10-29 14:30:00','2011-11-06 12:00:00',125),(403,36,25,697,15,264,161151,'2011-10-29 11:18:00','2011-11-04 00:00:00',NULL),(404,36,25,572,4,16,204000,'2011-10-26 05:00:00','2011-10-27 15:00:00',NULL),(405,274,36,191,8,145,0,'2011-10-24 23:37:00','2011-10-26 23:00:00',0),(406,208,9,189,8,359,0,'2011-10-20 07:15:00','2011-10-20 07:15:00',0),(407,274,36,191,8,134,0,'2011-10-18 03:45:00','2011-10-18 05:25:00',0),(408,208,9,300,8,61,2000,'2011-10-17 15:44:00','2011-10-17 15:44:00',7),(409,208,9,516,8,266,0,'2011-10-17 03:34:00','2011-10-17 10:42:00',0),(410,208,9,717,8,359,0,'2011-10-14 14:20:00','2011-10-14 14:20:00',0),(411,208,9,540,4,243,0,'2011-10-06 11:07:00','2011-10-06 11:07:00',0),(412,274,36,247,8,6,0,'2011-09-30 08:22:00','2011-09-30 08:22:00',0),(413,274,36,252,8,6,0,'2011-09-28 16:41:00','2011-09-28 16:41:00',0),(414,208,9,669,8,359,0,'2011-09-28 14:59:00','2011-09-28 14:59:00',0),(415,208,9,348,8,359,0,'2011-09-26 10:15:00','2011-09-26 10:15:00',0),(416,208,9,582,15,272,0,'2011-09-23 09:04:00','2011-09-23 09:04:00',0),(417,70,69,232,9,89,319616,'2011-09-21 14:37:00','2011-09-21 15:47:00',600),(418,274,36,273,8,6,0,'2011-09-21 10:30:00','2011-09-21 10:30:00',0),(419,208,9,44,4,243,0,'2011-09-14 09:00:00','2011-09-14 14:00:00',0),(420,208,9,717,8,359,0,'2011-09-12 09:15:00','2011-09-12 15:30:00',0),(421,63,32,346,4,257,2000000,'2011-09-08 15:28:00','2011-09-10 15:30:00',7000),(422,253,36,718,15,412,0,'2011-09-07 00:08:00','2011-09-07 10:50:00',0),(423,36,25,630,14,230,53295,'2011-09-05 16:30:00','2011-09-07 15:45:00',177),(424,36,25,448,8,148,105000,'2011-09-03 14:00:00','2011-09-08 18:00:00',NULL),(425,274,36,300,8,61,0,'2011-08-31 12:52:00','2011-08-31 12:52:00',0),(426,274,36,628,4,243,0,'2011-08-28 20:55:00','2011-08-28 23:39:00',0),(427,36,25,356,15,19,152261,'2011-08-28 05:00:00','2011-08-30 05:00:00',NULL),(428,36,25,3,8,402,284000,'2011-08-28 02:58:00','2011-08-30 02:58:00',110),(429,36,25,425,8,198,665000,'2011-08-28 00:23:00','2011-08-30 00:23:00',500),(430,36,25,679,15,307,99700,'2011-08-28 07:00:00','2011-09-03 00:01:00',NULL),(431,36,25,723,8,98,760113,'2011-08-27 20:30:00','2011-09-04 23:30:00',1114),(432,36,25,60,14,169,285465,'2011-08-27 02:57:00','2011-08-29 23:30:00',NULL),(433,36,25,71,8,274,140000,'2011-08-27 22:00:00','2011-08-29 16:00:00',320),(434,36,25,698,14,379,1000000,'2011-08-27 10:33:00','2011-08-29 14:00:00',NULL),(435,36,25,60,14,355,136000,'2011-08-27 19:00:00','2011-08-29 13:31:00',200),(436,36,25,723,8,87,108000,'2011-08-27 23:00:00','2011-08-29 08:00:00',NULL),(437,141,44,631,14,33,1200,'2011-08-27 02:00:00','2011-08-27 05:15:00',2),(438,274,36,186,15,360,0,'2011-08-25 00:01:00','2011-08-25 00:01:00',0),(439,39,11,207,16,357,0,'2011-08-24 13:20:00','2011-08-29 19:00:00',0),(440,36,25,138,16,295,79000,'2011-08-24 07:45:00','2011-08-25 06:00:00',485),(441,39,11,207,16,357,0,'2011-08-23 15:43:00','2011-08-23 19:00:00',0),(442,39,11,268,6,210,0,'2011-08-23 10:30:00','2011-08-23 16:54:00',0),(443,27,28,640,8,379,0,'2011-08-23 13:51:00','2011-08-23 13:51:00',0),(444,36,25,232,9,89,931000,'2011-08-21 22:45:00','2011-08-23 22:45:00',2200),(445,36,25,647,8,148,65000,'2011-08-20 17:42:00','2011-08-23 20:00:00',254),(446,208,9,686,4,243,0,'2011-08-15 02:05:00','2011-08-15 03:40:00',0),(447,36,25,678,14,133,181700,'2011-08-13 16:41:00','2011-08-14 19:00:00',NULL),(448,227,33,266,6,326,14500,'2011-08-08 19:36:00','2011-08-09 12:00:00',92),(449,274,36,61,8,322,0,'2011-08-08 09:30:00','2011-08-08 09:30:00',0),(450,39,11,222,6,60,0,'2011-08-03 16:30:00','2011-08-03 21:00:00',0),(451,36,25,24,8,286,71500,'2011-08-02 21:30:00','2011-08-03 19:00:00',NULL),(452,39,11,207,16,357,0,'2011-08-01 15:00:00','2011-08-05 19:00:00',0),(453,36,25,182,8,286,201000,'2011-07-28 00:14:00','2011-07-29 12:00:00',NULL),(454,208,9,148,6,197,0,'2011-07-26 12:01:00','2011-07-26 12:01:00',0),(455,208,9,575,15,57,0,'2011-07-24 14:34:00','2011-07-24 15:47:00',0),(456,36,25,126,8,286,169000,'2011-07-23 02:30:00','2011-07-24 09:00:00',NULL),(457,8,69,7,8,145,23000,'2011-07-22 11:34:00','2011-07-22 17:26:00',206),(458,39,11,207,16,357,0,'2011-07-14 11:00:00','2011-07-14 19:00:00',0),(459,274,36,579,4,4,100000,'2011-07-12 20:20:00','2011-07-12 21:30:00',NULL),(460,36,25,747,8,31,120000,'2011-07-11 14:27:00','2011-07-12 15:50:00',NULL),(461,208,9,300,8,61,0,'2011-07-11 13:13:00','2011-07-11 13:13:00',0),(462,36,25,577,8,148,103000,'2011-07-11 09:00:00','2011-07-11 10:25:00',254),(463,36,25,126,8,286,500000,'2011-07-11 09:00:00','2011-07-11 09:00:00',NULL),(464,36,25,73,8,247,85000,'2011-07-11 11:15:00','2011-07-12 08:15:00',NULL),(465,208,9,145,12,293,0,'2011-07-08 10:00:00','2011-07-08 10:00:00',0),(466,51,57,92,8,145,100000,'2011-07-08 10:00:00','2011-07-11 09:00:00',NULL),(467,208,9,240,4,243,0,'2011-07-05 10:40:00','2011-07-05 11:37:00',0),(468,36,25,640,14,379,51580,'2011-07-04 18:00:00','2011-07-04 21:00:00',150),(469,36,25,154,8,148,182000,'2011-07-02 20:15:00','2011-07-06 22:00:00',NULL),(470,36,25,275,12,3,70000,'2011-07-01 17:00:00','2011-07-03 20:00:00',NULL),(471,208,9,597,15,412,0,'2011-07-01 08:00:00','2011-07-01 08:01:00',0),(472,279,69,518,4,214,160000,'2011-06-30 14:11:00','2011-06-30 23:25:00',5299),(473,208,9,621,4,70,0,'2011-06-30 22:31:00','2011-06-30 22:31:00',0),(474,36,25,126,8,286,121000,'2011-06-30 22:30:00','2011-07-01 17:00:00',NULL),(475,39,11,616,6,271,0,'2011-06-29 11:30:00','2011-06-29 18:04:00',0),(476,39,11,207,16,357,0,'2011-06-27 15:00:00','2011-06-27 19:00:00',0),(477,208,9,621,4,227,100000,'2011-06-27 18:55:00','2011-06-27 18:55:00',NULL),(478,306,5,150,14,400,80000,'2011-06-27 00:00:00','2011-06-29 01:00:00',NULL),(479,306,5,630,14,230,90160,'2011-06-26 18:00:00','2011-06-27 13:00:00',300),(480,39,11,673,6,95,100000,'2011-06-26 16:46:00','2011-06-27 07:59:00',NULL),(481,306,5,202,14,230,102275,'2011-06-24 18:30:00','2011-06-25 01:30:00',340),(482,208,9,398,15,231,0,'2011-06-23 08:10:00','2011-06-23 09:00:00',0),(483,208,9,484,4,70,0,'2011-06-22 20:12:00','2011-06-22 20:12:00',0),(484,36,25,267,14,124,106300,'2011-06-22 09:46:00','2011-06-22 09:46:00',NULL),(485,306,5,630,14,230,75101,'2011-06-22 19:00:00','2011-06-23 01:00:00',316),(486,36,25,722,8,31,56000,'2011-06-21 18:30:00','2011-06-22 07:00:00',NULL),(487,306,5,126,8,286,300000,'2011-06-21 21:45:00','2011-06-23 02:00:00',NULL),(488,208,9,56,4,70,0,'2011-06-20 10:36:00','2011-06-20 10:36:00',0),(489,39,11,87,6,38,100000,'2011-06-18 16:45:00','2011-06-20 23:59:00',NULL),(490,306,5,766,14,320,70000,'2011-06-18 17:00:00','2011-06-18 21:33:00',300),(491,306,5,219,14,230,93828,'2011-06-18 15:30:00','2011-06-19 15:42:00',312),(492,306,5,309,14,230,169000,'2011-06-15 19:15:00','2011-06-16 06:00:00',563),(493,306,5,551,14,61,70135,'2011-06-15 19:17:00','2011-06-16 01:45:00',300),(494,306,5,640,8,379,56000,'2011-06-12 19:00:00','2011-06-12 20:30:00',250),(495,274,36,562,4,199,0,'2011-06-09 14:15:00','2011-06-09 14:15:00',0),(496,306,5,710,15,48,100000,'2011-06-09 17:51:00','2011-06-10 12:00:00',0),(497,306,5,126,8,286,169000,'2011-06-09 04:30:00','2011-06-09 12:00:00',NULL),(498,36,25,7,8,153,52747,'2011-06-07 14:00:00','2011-06-08 06:00:00',NULL),(499,39,11,87,6,38,13000,'2011-06-06 15:00:00','2011-06-08 15:00:00',NULL),(500,157,69,76,6,109,162000,'2011-06-06 00:13:00','2011-06-06 03:15:00',450),(501,227,33,614,4,181,5314,'2011-06-05 20:02:00','2011-06-05 20:55:00',10),(502,306,5,408,16,295,78000,'2011-06-05 05:30:00','2011-06-06 01:30:00',473),(503,208,9,445,4,181,420,'2011-06-04 01:17:00','2011-06-04 03:25:00',NULL),(504,36,25,258,14,190,50465,'2011-06-02 23:45:00','2011-06-04 16:00:00',0),(505,36,25,726,8,247,113000,'2011-05-29 18:30:00','2011-05-31 22:00:00',250),(506,36,25,658,8,402,120001,'2011-05-26 19:56:00','2011-05-27 18:00:00',150),(507,41,42,327,14,208,10000,'2011-05-26 01:00:00','2011-05-26 06:00:00',30),(508,36,25,351,14,230,218783,'2011-05-26 18:30:00','2011-05-28 04:44:00',729),(509,36,25,670,8,130,141000,'2011-05-25 22:14:00','2011-05-28 11:00:00',200),(510,36,25,762,6,54,54000,'2011-05-24 16:45:00','2011-05-26 17:00:00',NULL),(511,36,25,279,14,379,175000,'2011-05-24 16:35:00','2011-05-25 12:40:00',790),(512,44,36,417,8,58,0,'2011-05-24 09:00:00','2011-05-25 09:10:00',0),(513,36,25,227,8,130,215387,'2011-05-23 16:45:00','2011-05-25 23:59:00',1024),(514,36,25,550,14,74,70000,'2011-05-23 12:30:00','2011-05-25 12:30:00',NULL),(515,36,25,414,6,168,20000,'2011-05-22 17:09:00','2011-05-31 12:01:00',200),(516,44,36,769,4,358,100000,'2011-05-21 17:00:00','2011-05-22 18:34:00',56),(517,208,9,265,4,243,0,'2011-05-13 06:00:00','2011-05-13 06:00:00',0),(518,36,25,727,14,320,71000,'2011-05-11 00:15:00','2011-05-11 17:20:00',300),(519,208,9,541,12,293,0,'2011-05-11 15:55:00','2011-05-12 13:57:00',0),(520,208,9,585,4,243,0,'2011-05-11 13:35:00','2011-05-11 13:35:00',0),(521,208,9,730,15,0,0,'2011-05-11 11:00:00','2011-05-11 11:30:00',0),(522,208,9,453,15,412,0,'2011-05-10 13:45:00','2011-05-10 15:00:00',0),(523,36,25,433,8,153,58000,'2011-05-10 22:21:00','2011-05-11 14:25:00',NULL),(524,209,30,119,8,35,78213,'2011-05-10 03:25:00','2011-05-11 14:10:00',585),(525,208,9,542,15,125,0,'2011-05-09 13:11:00','2011-05-09 13:11:00',0),(526,274,36,36,8,164,100000,'2011-05-09 04:08:00','2011-05-09 06:40:00',630),(527,208,9,679,15,41,0,'2011-05-08 19:35:00','2011-05-08 19:35:00',NULL),(528,208,9,519,4,243,0,'2011-05-06 06:56:00','2011-05-06 10:30:00',0),(529,208,9,453,15,412,0,'2011-05-05 09:15:00','2011-05-05 09:15:00',0),(530,71,9,577,8,413,0,'2011-05-04 12:20:00','2011-05-04 15:40:00',0),(531,274,36,723,8,311,0,'2011-05-04 13:08:00','2011-05-04 13:25:00',0),(532,274,36,184,15,137,0,'2011-05-03 12:00:00','2011-05-05 12:00:00',0),(533,36,25,565,9,220,62000,'2011-05-02 17:06:00','2011-05-02 20:00:00',220),(534,274,36,97,15,272,0,'2011-05-02 14:00:00','2011-05-02 14:00:00',0),(535,208,9,586,4,243,0,'2011-05-02 08:52:00','2011-05-02 10:46:00',0),(536,36,25,59,8,240,86000,'2011-04-28 05:00:00','2011-04-30 18:30:00',NULL),(537,303,2,518,4,401,100000,'2011-04-28 16:09:00','2011-04-28 16:10:00',960),(538,36,25,293,14,142,612000,'2011-04-27 10:00:00','2011-04-29 16:29:00',NULL),(539,36,25,156,14,230,426640,'2011-04-27 08:00:00','2011-05-02 16:03:00',1422),(540,36,25,224,14,153,69000,'2011-04-27 22:00:00','2011-04-28 10:00:00',0),(541,36,25,84,6,38,13000,'2011-04-26 18:14:00','2011-04-28 17:00:00',50),(542,208,9,457,4,243,0,'2011-04-26 13:04:00','2011-04-26 14:00:00',0),(543,36,25,637,6,369,100000,'2011-04-26 05:49:00','2011-04-27 09:59:00',120),(544,36,25,293,14,142,55000,'2011-04-26 09:51:00','2011-04-28 09:51:00',NULL),(545,36,25,223,6,369,141700,'2011-04-25 17:30:00','2011-04-27 18:00:00',NULL),(546,303,2,83,14,142,100000,'2011-04-25 16:33:00','2011-04-25 17:19:00',140),(547,36,25,134,14,74,55000,'2011-04-22 21:00:00','2011-04-22 23:00:00',0),(548,300,9,675,8,92,100000,'2011-04-21 19:00:00','2011-04-29 19:05:00',NULL),(549,208,9,475,4,243,0,'2011-04-21 07:15:00','2011-04-21 16:50:00',0),(550,104,1,360,8,130,165711,'2011-04-20 02:00:00','2011-04-21 12:00:00',NULL),(551,303,2,601,14,94,11000,'2011-04-20 08:07:00','2011-04-20 08:14:00',33),(552,36,25,126,14,288,80000,'2011-04-19 20:00:00','2011-04-19 22:00:00',NULL),(553,36,25,136,14,239,100000,'2011-04-19 23:13:00','2011-04-20 19:14:00',22),(554,36,25,226,14,142,105000,'2011-04-19 23:02:00','2011-04-21 17:32:00',300),(555,208,9,386,4,34,0,'2011-04-19 14:01:00','2011-04-19 16:04:00',0),(556,36,25,226,14,73,64000,'2011-04-19 22:44:00','2011-04-20 02:00:00',100),(557,36,25,39,14,88,220000,'2011-04-16 14:16:00','2011-04-17 16:30:00',NULL),(558,300,9,457,4,243,0,'2011-04-11 17:40:00','2011-04-11 17:51:00',0),(559,208,9,751,8,6,0,'2011-04-06 10:50:00','2011-04-06 10:50:00',0),(560,36,25,263,14,320,256000,'2011-04-05 02:00:00','2011-04-07 23:00:00',1200),(561,36,25,156,14,230,303434,'2011-04-04 21:00:00','2011-04-05 23:30:00',674),(562,36,25,600,14,369,74645,'2011-04-04 19:00:00','2011-04-05 20:00:00',NULL),(563,36,25,433,8,31,52920,'2011-04-04 19:00:00','2011-04-05 12:00:00',NULL),(564,36,25,687,14,142,73000,'2011-04-04 14:00:00','2011-04-08 00:01:00',300),(565,36,25,226,14,142,63000,'2011-04-04 11:47:00','2011-04-08 00:01:00',359),(566,36,25,744,14,73,63000,'2011-04-04 13:00:00','2011-04-05 00:00:00',300),(567,51,57,124,14,369,0,'2011-04-03 20:23:00','2011-04-05 15:00:00',0),(568,36,25,492,19,233,50000,'2011-03-31 14:30:00','2011-04-01 23:59:00',NULL),(569,36,25,449,19,26,87000,'2011-03-31 11:30:00','2011-03-31 20:30:00',206),(570,95,42,343,4,181,165000,'2011-03-27 13:27:00','2011-03-27 17:00:00',295),(571,307,16,535,8,399,60596,'2011-03-23 18:30:00','2011-03-24 04:55:00',NULL),(572,307,16,654,4,201,54332,'2011-03-21 12:35:00','2011-03-21 14:45:00',150),(573,307,16,68,4,66,79000,'2011-03-20 09:44:00','2011-03-21 10:00:00',NULL),(574,307,16,527,4,181,128000,'2011-03-19 23:56:00','2011-03-24 19:10:00',91),(575,36,25,481,4,243,9000,'2011-03-13 14:20:00','2011-03-14 15:46:00',NULL),(576,176,69,521,4,181,6800,'2011-03-11 07:02:00','2011-03-11 09:15:00',15),(577,208,9,149,4,243,0,'2011-03-06 02:54:00','2011-03-08 08:00:00',NULL),(578,310,26,595,15,283,100000,'2011-03-01 08:00:00','2011-03-05 09:30:00',675),(579,36,25,723,8,28,93000,'2011-02-25 15:23:00','2011-02-27 18:00:00',NULL),(580,36,25,640,14,91,50000,'2011-02-25 15:20:00','2011-02-25 18:00:00',NULL),(581,73,8,527,4,181,80000,'2011-02-25 08:00:00','2011-02-28 17:30:00',91),(582,208,9,457,4,243,0,'2011-02-25 10:30:00','2011-02-25 10:45:00',0),(583,227,33,117,6,213,100000,'2011-02-24 16:51:00','2011-02-24 16:54:00',4),(584,73,8,651,8,247,160000,'2011-02-20 16:00:00','2011-02-23 16:00:00',262),(585,208,9,192,8,6,0,'2011-02-19 16:34:00','2011-02-19 16:34:00',0),(586,307,16,27,8,205,118000,'2011-02-19 12:30:00','2011-02-20 04:00:00',NULL),(587,51,57,320,4,149,0,'2011-02-17 13:00:00','2011-02-23 16:53:00',0),(588,307,16,527,4,181,80000,'2011-02-17 01:25:00','2011-02-19 10:13:00',91),(589,208,9,135,4,7,0,'2011-02-10 13:00:00','2011-02-10 13:00:00',0),(590,208,9,328,4,7,0,'2011-02-09 14:54:00','2011-02-09 17:00:00',0),(591,73,8,413,16,295,60000,'2011-02-09 03:45:00','2011-02-09 09:12:00',399),(592,176,69,207,16,357,86013,'2011-02-03 22:04:00','2011-02-04 12:32:00',400),(593,73,8,27,8,205,213000,'2011-02-02 03:00:00','2011-02-04 23:59:00',NULL),(594,176,69,110,4,109,178000,'2011-02-02 07:24:00','2011-02-02 22:23:00',280),(595,212,23,429,6,271,100000,'2011-02-02 17:00:00','2011-02-03 22:00:00',NULL),(596,176,69,207,16,357,1069730,'2011-02-02 05:43:00','2011-02-03 10:00:00',4000),(597,176,69,440,4,214,69000,'2011-02-02 06:22:00','2011-02-02 09:57:00',3963),(598,73,8,666,8,36,190000,'2011-02-01 21:00:00','2011-02-02 14:00:00',NULL),(599,73,8,129,8,296,158013,'2011-02-01 15:00:00','2011-02-03 12:00:00',NULL),(600,166,8,613,8,130,272880,'2011-01-31 22:00:00','2011-02-03 12:00:00',996),(601,208,9,273,8,6,0,'2011-01-27 09:30:00','2011-01-27 09:30:00',0),(602,73,8,737,14,91,150084,'2011-01-26 19:43:00','2011-01-27 18:18:00',600),(603,12,57,35,4,67,0,'2011-01-26 09:25:00','2011-01-27 17:00:00',0),(604,208,9,577,8,392,0,'2011-01-26 09:33:00','2011-01-27 15:03:00',0),(605,208,9,510,8,359,0,'2011-01-25 03:23:00','2011-01-25 11:00:00',0),(606,300,9,125,4,109,0,'2011-01-24 13:20:00','2011-01-24 13:30:00',0),(607,208,9,21,4,243,0,'2011-01-23 07:00:00','2011-01-23 13:00:00',0),(608,208,9,337,15,162,0,'2011-01-18 14:00:00','2011-01-18 14:00:00',0),(609,74,69,104,19,365,20900,'2011-01-13 07:21:00','2011-01-13 08:13:00',150),(610,197,2,635,15,8,0,'2011-01-11 23:08:00','2011-01-11 23:08:00',0),(611,36,25,112,4,370,92090,'2010-12-18 05:00:00','2010-12-19 22:00:00',184),(612,121,33,579,4,181,6635,'2010-12-14 07:20:00','2010-12-14 07:25:00',9),(613,36,25,647,8,99,60175,'2010-12-12 16:30:00','2010-12-15 14:00:00',210),(614,121,33,579,4,181,7077,'2010-12-03 21:32:00','2010-12-04 02:00:00',22),(615,121,33,25,4,181,7077,'2010-11-23 14:01:00','2010-11-23 18:12:00',22),(616,73,8,270,4,370,123535,'2010-11-22 23:00:00','2010-11-24 20:00:00',420),(617,73,8,527,4,181,60000,'2010-11-21 01:39:00','2010-11-24 16:46:00',75),(618,91,1,167,4,370,149256,'2010-11-15 23:00:00','2010-11-16 02:14:00',391),(619,121,33,25,4,181,4,'2010-11-06 15:53:00','2010-11-06 18:08:00',20),(620,165,33,25,4,181,2674,'2010-10-27 17:16:00','2010-10-27 17:27:00',16),(621,91,1,693,8,247,285000,'2010-10-27 08:00:00','2010-10-29 07:00:00',240),(622,239,5,524,8,236,82861,'2010-09-22 17:38:00','2010-09-24 23:30:00',389),(623,239,5,615,8,338,52000,'2010-09-22 16:08:00','2010-09-26 00:00:00',156),(624,227,33,549,4,181,15000,'2010-09-01 10:20:00','2010-09-01 12:44:00',31),(625,36,25,147,16,295,81586,'2010-08-23 17:50:00','2010-08-24 09:30:00',746),(626,36,25,647,8,99,80000,'2010-08-19 18:00:00','2010-08-23 15:30:00',340),(627,242,11,483,12,339,7600,'2010-08-12 15:42:00','2010-08-12 22:10:00',30),(628,239,5,225,8,236,11186,'2010-08-04 16:45:00','2010-08-07 00:00:00',60),(629,36,25,737,14,91,81000,'2010-07-25 16:11:00','2010-07-25 20:06:00',1000),(630,36,25,381,8,65,124000,'2010-07-25 15:20:00','2010-07-27 18:00:00',480),(631,36,25,647,8,99,82000,'2010-07-23 19:30:00','2010-07-26 18:30:00',400),(632,36,25,647,8,99,127534,'2010-07-15 19:00:00','2010-07-19 23:30:00',540),(633,263,2,447,8,6,18400,'2010-07-06 03:47:00','2010-07-06 04:37:00',95),(634,267,68,200,14,60,25159,'2010-06-22 15:34:00','2010-06-22 19:00:00',84),(635,239,5,198,8,130,50636,'2010-06-21 13:48:00','2010-06-22 20:31:00',400),(636,295,69,598,4,16,31000,'2010-06-07 18:29:00','2010-06-08 01:00:00',300),(637,162,33,25,4,181,2650,'2010-06-06 04:45:00','2010-06-06 05:35:00',3),(638,306,5,288,8,236,120000,'2010-04-16 17:15:00','2010-04-18 17:00:00',15),(639,286,69,120,4,244,290000,'2010-03-31 23:59:00','2010-04-01 00:55:00',324),(640,205,14,405,15,412,50246,'2010-03-13 12:00:00','2010-03-15 20:05:00',50),(641,205,14,313,8,332,360000,'2010-03-13 18:00:00','2010-03-20 12:59:00',100),(642,73,8,163,15,412,509606,'2010-02-25 23:53:00','2010-03-01 16:40:00',510),(643,73,8,736,8,236,190000,'2010-02-14 10:00:00','2010-02-14 12:00:00',900),(644,73,8,476,14,291,104736,'2010-02-06 02:30:00','2010-02-07 07:00:00',600),(645,73,8,195,14,320,74000,'2010-02-05 18:48:00','2010-02-07 17:00:00',500),(646,159,29,266,6,197,0,'2010-02-01 14:32:00','2010-02-01 17:00:00',30),(647,84,16,120,4,244,50000,'2010-01-19 14:30:00','2010-01-20 15:00:00',2650),(648,84,16,397,4,29,30000,'2010-01-19 07:30:00','2010-01-19 12:24:00',300),(649,84,16,527,4,64,1700000,'2010-01-18 11:30:00','2010-01-28 08:00:00',290),(650,154,35,688,14,312,335000,'2009-11-12 18:45:00','2009-11-14 04:25:00',400),(651,91,1,667,4,112,94000,'2009-10-13 15:45:00','2009-10-13 17:50:00',90),(652,42,8,430,4,411,35500,'2009-10-13 12:48:00','2009-10-13 14:34:00',101),(653,205,14,25,4,181,859554,'2009-10-13 16:00:00','2009-10-13 22:30:00',350),(654,86,33,302,12,411,18,'2009-08-29 11:00:00','2009-08-29 14:01:00',373),(655,86,33,302,8,378,0,'2009-08-29 22:54:00','2009-08-29 23:53:00',84),(656,239,5,176,16,295,80000,'2009-08-21 19:00:00','2009-08-22 08:00:00',544),(657,239,5,404,8,130,63700,'2009-08-04 13:45:00','2009-08-08 21:00:00',50),(658,45,24,5,4,132,1,'2009-07-21 05:34:00','2009-07-21 08:43:00',136),(659,37,5,462,4,16,86058,'2009-07-20 21:50:00','2009-07-22 19:00:00',150),(660,239,5,610,16,295,73000,'2009-07-18 19:00:00','2009-07-19 21:00:00',51),(661,86,33,69,15,412,0,'2009-07-02 22:44:00','2009-07-03 01:25:00',0),(662,306,5,322,8,130,85000,'2009-06-26 01:00:00','2009-06-27 09:00:00',327),(663,84,16,758,8,247,99000,'2009-06-19 00:01:00','2009-06-21 23:00:00',75),(664,3,59,537,4,279,0,'2009-06-16 23:00:00','2009-06-17 02:00:00',300),(665,84,16,9,14,142,136000,'2009-06-12 16:37:00','2009-06-12 18:53:00',860),(666,37,5,309,14,230,102000,'2009-06-12 22:00:00','2009-06-13 18:00:00',290),(667,306,5,381,8,65,85091,'2009-06-09 17:25:00','2009-06-11 05:00:00',60),(668,86,33,695,4,181,70,'2009-06-05 13:38:00','2009-06-05 20:18:00',1),(669,137,3,682,14,280,1,'2009-05-29 09:05:00','2009-05-29 19:57:00',342),(670,37,5,185,14,157,83000,'2009-05-08 07:30:00','2009-05-08 09:00:00',266),(671,37,5,382,14,74,68800,'2009-05-08 13:30:00','2009-05-14 23:20:00',300),(672,91,1,636,16,295,158000,'2009-04-27 15:30:00','2009-04-28 11:30:00',176),(673,248,19,601,14,50,11000,'2009-04-24 11:09:00','2009-04-24 11:21:00',32),(674,106,69,390,4,409,280000,'2009-04-23 17:54:00','2009-04-23 19:58:00',512),(675,33,2,50,4,370,93300,'2009-04-23 16:25:00','2009-04-24 00:29:00',244),(676,306,5,556,14,230,56679,'2009-04-10 22:00:00','2009-04-11 02:30:00',162),(677,73,8,235,8,247,70793,'2009-04-06 01:00:00','2009-04-08 12:00:00',75),(678,112,19,5,4,132,100000,'2009-03-08 22:16:00','2009-03-08 23:45:00',150),(679,242,11,16,8,153,0,'2009-03-03 22:00:00','2009-03-04 20:17:00',350),(680,73,8,530,14,228,217000,'2009-03-01 22:00:00','2009-03-03 18:00:00',210),(681,251,8,230,14,320,180000,'2009-03-01 20:54:00','2009-03-03 16:06:00',1000),(682,137,3,157,4,109,132000,'2009-03-01 00:15:00','2009-03-01 03:00:00',250),(683,36,25,140,14,230,60000,'2009-03-01 16:00:00','2009-03-01 23:25:00',75),(684,91,1,285,8,368,184000,'2009-02-13 02:30:00','2009-02-15 03:00:00',168),(685,91,1,285,8,378,184000,'2009-02-12 02:30:00','2009-02-12 06:00:00',168),(686,91,1,573,8,388,132000,'2009-02-12 08:00:00','2009-02-15 22:00:00',130),(687,306,5,471,8,378,63000,'2009-02-11 21:00:00','2009-02-12 12:00:00',350),(688,91,1,147,16,295,64801,'2009-02-11 02:30:00','2009-02-11 12:00:00',350),(689,73,8,532,8,378,1,'2009-01-28 00:10:00','2009-01-30 21:20:00',300),(690,166,8,354,8,32,75000,'2009-01-28 06:00:00','2009-02-05 18:00:00',506),(691,166,8,748,8,252,3500,'2009-01-28 04:00:00','2009-02-07 17:00:00',21),(692,166,8,625,14,280,3,'2009-01-27 07:10:00','2009-02-04 19:30:00',350),(693,73,8,755,14,330,62500,'2009-01-27 11:00:00','2009-01-30 18:00:00',200),(694,166,8,178,14,161,215700,'2009-01-27 21:00:00','2009-01-29 06:00:00',600),(695,166,8,323,14,163,190000,'2009-01-27 05:03:00','2009-01-31 17:15:00',600),(696,166,8,203,14,364,1,'2009-01-27 21:45:00','2009-01-27 22:17:00',850),(697,291,69,608,8,116,9700,'2009-01-22 16:00:00','2009-01-22 17:05:00',50),(698,137,3,554,19,300,31000,'2009-01-08 23:46:00','2009-01-09 11:25:00',55),(699,91,1,180,14,320,70000,'2009-01-07 17:00:00','2009-01-07 20:05:00',300),(700,286,69,608,8,116,9700,'2008-12-30 16:02:00','2008-12-30 16:37:00',41),(701,24,5,314,5,203,294000,'2008-12-26 18:13:00','2008-12-27 17:00:00',1060),(702,0,69,30,4,112,50000,'2008-12-26 11:40:00','2008-12-26 15:34:00',110),(703,86,33,74,4,64,638,'2008-12-19 01:02:00','2008-12-19 06:17:00',1),(704,134,11,388,4,64,0,'2008-12-13 15:30:00','2008-12-21 09:17:00',5),(705,166,8,432,15,162,190000,'2008-12-12 02:38:00','2008-12-19 13:24:00',200),(706,187,38,752,4,243,3,'2008-12-10 17:09:00','2008-12-10 20:29:00',32),(707,296,42,88,8,340,156729,'2008-12-09 17:27:00','2008-12-10 04:12:00',438),(708,15,58,644,8,378,53000,'2008-12-02 04:30:00','2008-12-02 07:00:00',135),(709,283,58,62,4,66,115500,'2008-11-15 09:39:00','2008-11-15 10:10:00',211),(710,0,69,654,4,29,400000,'2008-11-07 11:15:00','2008-11-07 11:54:00',430),(711,0,69,193,4,384,140000,'2008-11-07 11:13:00','2008-11-07 11:54:00',250),(712,86,33,578,4,64,10000,'2008-09-30 14:02:00','2008-09-30 14:05:00',30),(713,223,35,524,8,236,160875,'2008-09-15 00:37:00','2008-09-19 16:30:00',546),(714,273,1,515,8,368,564728,'2008-09-14 17:00:00','2008-09-22 17:11:00',469),(715,91,1,303,8,297,18000,'2008-09-14 10:01:00','2008-09-21 17:00:00',70),(716,273,1,179,8,375,245164,'2008-09-14 17:00:00','2008-09-22 03:20:00',430),(717,273,1,524,8,278,124596,'2008-09-14 17:00:00','2008-09-19 12:38:00',72),(718,160,35,460,8,100,95000,'2008-09-14 14:00:00','2008-09-17 12:00:00',1000),(719,223,35,336,8,338,105000,'2008-09-14 19:00:00','2008-09-14 23:59:00',600),(720,3,59,537,4,75,0,'2008-09-08 22:03:00','2008-09-09 00:28:00',300),(721,98,35,719,14,310,64463,'2008-09-06 14:15:00','2008-09-06 16:06:00',220),(722,22,35,587,14,230,87390,'2008-08-24 04:30:00','2008-08-24 14:00:00',110),(723,5,26,215,8,121,0,'2008-08-22 12:00:00','2008-08-23 12:00:00',0),(724,286,69,43,9,43,100000,'2008-08-18 19:22:00','2008-08-19 18:44:00',225),(725,282,7,498,16,345,71823,'2008-08-16 05:23:00','2008-08-16 07:30:00',153),(726,163,62,618,9,43,200000,'2008-08-16 08:14:00','2008-08-16 15:00:00',300),(727,242,11,286,4,150,8000,'2008-08-15 12:52:00','2008-08-15 17:00:00',100),(728,168,22,418,6,394,0,'2008-08-09 12:00:00','2008-08-09 20:46:00',0),(729,181,16,101,8,265,63000,'2008-08-05 03:00:00','2008-08-05 09:50:00',0),(730,306,5,587,14,230,131115,'2008-08-02 20:00:00','2008-08-03 05:30:00',400),(731,179,15,437,15,412,110000,'2008-07-24 07:23:00','2008-07-24 17:41:00',180),(732,230,35,420,16,153,211266,'2008-07-23 05:56:00','2008-07-31 04:00:00',703),(733,189,16,467,12,289,185000,'2008-07-21 00:49:00','2008-07-22 18:00:00',170),(734,45,24,5,4,132,100000,'2008-07-10 14:22:00','2008-07-10 17:21:00',240),(735,262,63,312,4,29,0,'2008-07-07 12:15:00','2008-07-10 17:00:00',0),(736,36,25,93,8,247,239663,'2008-07-02 15:00:00','2008-07-06 12:00:00',125),(737,96,39,419,4,29,200000,'2008-07-02 19:16:00','2008-07-02 23:28:00',208),(738,57,39,193,4,384,37784,'2008-07-02 19:36:00','2008-07-03 01:10:00',119),(739,45,24,5,4,132,100000,'2008-07-01 07:31:00','2008-07-01 12:00:00',160),(740,270,1,332,12,211,126000,'2008-06-27 16:30:00','2008-06-27 17:30:00',650),(741,47,46,307,19,25,32593,'2008-06-23 16:52:00','2008-06-23 23:28:00',113),(742,11,15,391,4,64,477,'2008-06-21 15:09:00','2008-06-21 18:53:00',3),(743,257,72,100,16,128,37330,'2008-06-17 20:40:00','2008-06-17 23:00:00',276),(744,113,15,415,6,210,18000,'2008-06-17 20:35:00','2008-06-18 01:55:00',560),(745,239,5,737,14,310,115000,'2008-06-16 16:15:00','2008-06-16 23:19:00',1000),(746,86,33,269,8,116,9700,'2008-06-15 19:06:00','2008-06-15 20:42:00',57),(747,188,0,450,8,182,21000,'2008-06-12 15:30:00','2008-06-18 16:00:00',200),(748,210,73,545,15,343,61000,'2008-06-11 13:15:00','2008-06-11 14:05:00',200),(749,189,16,242,15,412,60000,'2008-06-10 23:00:00','2008-06-11 09:00:00',50),(750,164,69,478,14,258,19,'2008-06-10 14:00:00','2008-06-10 18:00:00',300),(751,84,16,703,15,162,68000,'2008-06-10 11:00:00','2008-06-13 17:30:00',400),(752,114,2,51,8,302,75654,'2008-06-09 14:52:00','2008-06-09 20:25:00',215),(753,308,69,478,14,258,19,'2008-06-09 14:00:00','2008-06-09 19:00:00',300),(754,84,16,403,8,117,150000,'2008-06-08 18:00:00','2008-06-16 23:30:00',500),(755,298,5,93,8,247,358000,'2008-06-06 15:18:00','2008-06-12 08:00:00',100),(756,239,5,737,14,310,253800,'2008-06-04 15:04:00','2008-06-05 21:30:00',850),(757,36,25,209,8,236,157168,'2008-06-03 17:00:00','2008-06-07 23:00:00',634),(758,298,5,12,15,412,56400,'2008-05-27 14:02:00','2008-05-27 15:52:00',130),(759,84,16,465,8,359,135000,'2008-05-12 00:01:00','2008-05-14 00:00:00',55),(760,162,33,269,8,116,9700,'2008-05-11 16:50:00','2008-05-11 20:43:00',47),(761,306,5,309,14,230,80539,'2008-05-11 06:00:00','2008-05-12 14:30:00',100),(762,307,16,731,14,230,157744,'2008-03-15 20:55:00','2008-03-16 20:30:00',200),(763,82,1,523,14,310,141130,'2008-03-08 14:14:00','2008-03-08 21:59:00',210),(764,239,5,195,14,320,55267,'2008-03-04 21:30:00','2008-03-04 22:45:00',300),(765,137,3,123,19,180,584384,'2008-02-26 13:09:00','2008-02-26 16:11:00',3200),(766,79,69,394,19,25,150000,'2008-02-26 13:10:00','2008-02-26 15:45:00',500),(767,239,5,454,14,230,145380,'2008-02-26 05:00:00','2008-02-26 15:00:00',484),(768,79,69,633,19,26,53965,'2008-02-26 13:09:00','2008-02-26 14:40:00',318),(769,79,69,581,19,319,47661,'2008-02-26 13:09:00','2008-02-26 14:10:00',140),(770,286,69,151,19,284,56000,'2008-02-26 13:09:00','2008-02-26 13:47:00',120),(771,86,33,141,4,64,10008,'2008-02-15 15:06:00','2008-02-15 19:36:00',10),(772,0,69,686,4,243,74031,'2008-02-14 08:15:00','2008-02-14 10:46:00',2818),(773,166,8,649,15,412,50462,'2008-02-13 18:43:00','2008-02-14 12:00:00',50),(774,36,25,133,8,236,100969,'2008-02-10 04:00:00','2008-02-12 20:43:00',412),(775,91,1,570,14,320,50718,'2008-02-10 18:02:00','2008-02-11 04:00:00',300),(776,91,1,64,14,310,114618,'2008-02-10 14:06:00','2008-02-10 23:36:00',170),(777,86,33,271,4,64,0,'2008-02-09 11:59:00','2008-02-09 15:33:00',0),(778,91,1,729,15,93,54316,'2008-01-30 03:06:00','2008-02-01 14:50:00',50),(779,91,1,70,8,100,45000,'2008-01-29 23:23:00','2008-01-30 00:48:00',380),(780,73,8,25,4,64,2606931,'2008-01-04 04:00:00','2008-01-14 17:00:00',500),(781,84,16,667,4,112,150000,'2008-01-04 07:47:00','2008-01-04 16:30:00',300),(782,73,8,280,8,247,134288,'2007-12-23 05:30:00','2007-12-25 18:07:00',50),(783,305,34,618,9,43,0,'2007-12-11 20:57:00','2007-12-11 21:22:00',0),(784,166,8,78,12,118,95000,'2007-12-11 04:00:00','2007-12-20 15:30:00',500),(785,305,34,618,9,43,0,'2007-12-04 14:16:00','2007-12-04 17:53:00',0),(786,102,48,649,15,412,0,'2007-12-01 18:04:00','2007-12-02 22:00:00',0),(787,258,35,609,15,412,62843,'2007-11-03 18:00:00','2007-11-04 06:00:00',100),(788,173,58,720,4,334,20345,'2007-10-26 06:44:00','2007-10-26 10:46:00',280),(789,0,69,294,4,362,104000,'2007-10-26 06:44:00','2007-10-26 10:43:00',240),(790,173,58,661,4,17,68780,'2007-10-22 14:06:00','2007-10-22 14:43:00',199),(791,173,58,654,4,27,300000,'2007-10-22 14:05:00','2007-10-22 14:22:00',700),(792,117,58,654,4,334,90323,'2007-10-22 14:01:00','2007-10-22 14:22:00',451),(793,94,49,547,12,387,11175,'2007-09-18 05:15:00','2007-09-18 06:30:00',10000),(794,94,49,533,12,159,6000,'2007-09-18 05:14:00','2007-09-18 06:10:00',16),(795,86,33,269,8,116,9600,'2007-09-17 19:01:00','2007-09-17 19:48:00',50),(796,291,69,86,4,14,26000,'2007-08-29 13:53:00','2007-08-29 14:57:00',180),(797,306,5,364,14,379,58500,'2007-08-19 23:34:00','2007-08-20 01:10:00',100),(798,36,25,596,14,379,93300,'2007-08-16 21:30:00','2007-08-17 22:49:00',200),(799,140,50,504,6,262,100000,'2007-08-14 14:00:00','2007-08-14 18:00:00',20),(800,306,5,745,8,338,55000,'2007-08-09 14:53:00','2007-08-09 16:11:00',90),(801,307,16,559,8,195,60000,'2007-07-19 15:00:00','2007-07-22 23:30:00',NULL),(802,177,16,406,14,81,107000,'2007-07-19 15:50:00','2007-07-19 22:15:00',72),(803,36,25,499,8,5,135000,'2007-07-18 18:00:00','2007-07-19 02:00:00',300),(804,15,58,383,4,243,100000,'2007-07-16 16:17:00','2007-07-16 21:00:00',306),(805,177,16,432,15,292,300000,'2007-07-10 11:00:00','2007-07-12 06:00:00',650),(806,182,65,220,4,245,0,'2007-07-06 17:18:00','2007-07-06 18:20:00',60),(807,84,16,647,8,195,69000,'2007-07-05 19:00:00','2007-07-08 07:00:00',NULL),(808,76,69,90,4,214,98700,'2007-06-29 09:23:00','2007-06-29 10:09:00',399),(809,76,69,545,15,343,100000,'2007-06-27 15:42:00','2007-06-27 16:30:00',460),(810,24,5,208,15,382,137000,'2007-06-27 15:41:00','2007-06-27 16:30:00',460),(811,0,69,442,4,245,80000,'2007-06-05 10:56:00','2007-06-05 11:51:00',424),(812,45,24,95,4,237,100000,'2007-05-21 13:48:00','2007-05-21 16:50:00',140),(813,84,16,63,15,255,67000,'2007-05-16 18:00:00','2007-05-19 05:00:00',NULL),(814,306,5,647,8,389,66000,'2007-05-15 15:00:00','2007-05-17 07:00:00',500),(815,45,24,5,4,132,100000,'2007-05-14 11:15:00','2007-05-14 13:50:00',150),(816,45,24,5,4,132,100000,'2007-05-10 09:57:00','2007-05-10 13:47:00',150),(817,181,16,603,1,386,300000,'2007-05-02 13:30:00','2007-05-03 20:00:00',NULL),(818,91,1,111,14,151,242000,'2007-04-16 14:04:00','2007-04-16 19:03:00',90),(819,306,5,453,15,80,102568,'2007-04-16 08:00:00','2007-04-16 19:00:00',NULL),(820,285,1,195,14,407,33000,'2007-04-16 11:00:00','2007-04-16 19:00:00',NULL),(821,306,5,538,8,98,138000,'2007-04-16 14:00:00','2007-04-18 17:00:00',160),(822,202,8,734,15,360,127545,'2007-04-16 10:14:00','2007-04-18 22:18:00',NULL),(823,91,1,746,15,154,70000,'2007-04-14 09:00:00','2007-04-14 11:00:00',80),(824,91,1,624,4,66,158977,'2007-04-12 00:32:00','2007-04-12 21:02:00',200),(825,204,24,5,4,132,100000,'2007-04-12 09:09:00','2007-04-12 11:23:00',130),(826,202,8,734,15,360,117142,'2007-04-05 21:20:00','2007-04-06 13:10:00',NULL),(827,306,5,147,1,295,67000,'2007-03-31 07:30:00','2007-03-31 19:00:00',179),(828,307,16,638,14,230,25445,'2007-03-01 21:40:00','2007-03-02 23:30:00',95),(829,73,8,25,4,64,671189,'2007-02-28 00:45:00','2007-03-02 20:45:00',110),(830,166,8,187,12,178,75000,'2007-02-24 16:00:00','2007-03-04 00:57:00',210),(831,166,8,41,8,378,215000,'2007-02-24 19:23:00','2007-02-25 00:47:00',750),(832,166,8,496,12,170,140000,'2007-02-24 18:00:00','2007-02-24 23:47:00',400),(833,73,8,381,8,98,155183,'2007-02-13 17:00:00','2007-02-17 05:30:00',400),(834,118,8,626,8,130,367500,'2007-02-13 14:00:00','2007-02-16 00:00:00',250),(835,170,1,488,4,68,110433,'2007-01-16 02:00:00','2007-01-17 00:00:00',260),(836,166,8,33,8,389,129607,'2007-01-13 07:30:00','2007-01-19 16:00:00',500),(837,305,34,618,9,43,0,'2007-01-05 10:44:00','2007-01-05 11:13:00',0),(838,107,74,477,9,43,18386,'2006-12-29 16:25:00','2006-12-31 18:59:00',50),(839,36,25,25,4,64,850068,'2006-12-26 00:01:00','2006-12-31 09:13:00',420),(840,275,21,660,4,361,84500,'2006-12-16 19:30:00','2006-12-17 01:00:00',350),(841,273,1,754,4,150,175000,'2006-12-14 00:01:00','2006-12-15 08:00:00',750),(842,91,1,228,4,241,75000,'2006-12-14 17:00:00','2006-12-16 16:00:00',280),(843,273,1,488,4,417,172060,'2006-12-14 05:30:00','2006-12-20 22:00:00',360),(844,245,8,488,4,417,63992,'2006-11-26 13:00:00','2006-12-02 18:00:00',180),(845,91,1,715,1,295,83000,'2006-11-15 10:00:00','2006-11-15 20:00:00',221),(846,36,25,309,14,230,109000,'2006-11-15 15:00:00','2006-11-15 17:00:00',363),(847,91,1,299,4,370,50000,'2006-11-15 13:00:00','2006-11-19 02:35:00',50),(848,99,28,281,2,147,59886,'2006-10-15 07:09:00','2006-10-15 16:12:00',110),(849,99,28,407,2,203,291000,'2006-10-15 07:09:00','2006-10-16 14:55:00',1170),(850,52,8,525,15,93,250000,'2006-10-12 17:48:00','2006-10-23 00:00:00',600),(851,52,8,525,15,381,120000,'2006-10-12 20:00:00','2006-10-21 23:00:00',353),(852,286,69,672,4,334,130000,'2006-10-02 15:05:00','2006-10-02 20:39:00',308),(853,306,5,379,14,81,56500,'2006-09-28 20:08:00','2006-09-28 22:10:00',84),(854,83,62,618,9,43,34716,'2006-09-14 08:56:00','2006-09-14 09:08:00',59),(855,178,35,310,8,359,100000,'2006-09-01 20:00:00','2006-09-04 17:00:00',400),(856,178,35,728,14,81,333000,'2006-09-01 06:41:00','2006-09-03 15:25:00',500),(857,178,35,158,8,416,105000,'2006-09-01 10:00:00','2006-09-04 14:00:00',380),(858,23,62,618,9,43,106000,'2006-08-24 21:58:00','2006-08-24 23:25:00',180),(859,37,5,442,4,245,65000,'2006-08-10 20:00:00','2006-08-12 12:00:00',NULL),(860,286,69,618,9,43,227480,'2006-08-03 14:16:00','2006-08-03 14:46:00',369),(861,306,5,646,15,162,77000,'2006-08-02 19:00:00','2006-08-03 01:00:00',140),(862,150,63,579,4,64,1271893,'2006-07-22 13:09:00','2006-07-27 16:00:00',200),(863,233,51,116,14,194,8000,'2006-07-19 11:00:00','2006-07-19 17:54:00',40),(864,123,5,400,15,412,0,'2006-07-18 20:07:00','2006-07-18 22:32:00',0),(865,299,5,54,8,247,315000,'2006-07-16 14:00:00','2006-07-21 00:00:00',150),(866,306,5,737,8,151,67000,'2006-07-04 17:30:00','2006-07-04 20:18:00',335),(867,306,5,737,8,151,75000,'2006-07-02 18:39:00','2006-07-03 00:31:00',300),(868,306,5,564,8,153,195000,'2006-06-22 14:00:00','2006-06-27 23:00:00',750),(869,37,5,34,14,320,72000,'2006-06-11 18:00:00','2006-06-11 21:00:00',70),(870,8,69,407,2,140,29300,'2006-06-01 14:12:00','2006-06-01 18:09:00',120),(871,306,5,381,8,65,70000,'2006-06-01 18:30:00','2006-06-03 14:00:00',335),(872,36,25,561,8,47,210000,'2006-05-25 19:50:00','2006-05-27 09:00:00',800),(873,221,5,395,4,132,100000,'2006-05-19 15:13:00','2006-05-19 22:30:00',133),(874,8,69,618,9,43,94639,'2006-05-04 14:12:00','2006-05-04 14:45:00',140),(875,207,12,29,4,64,55655,'2006-05-03 15:30:00','2006-05-03 21:35:00',300),(876,298,5,618,9,43,164105,'2006-04-29 14:55:00','2006-04-29 15:45:00',237),(877,36,25,512,1,295,82000,'2006-04-21 07:00:00','2006-04-21 10:00:00',219),(878,290,69,188,1,189,200000,'2006-04-17 15:25:00','2006-04-17 19:30:00',1000),(879,183,69,392,1,143,489478,'2006-04-17 16:11:00','2006-04-17 19:20:00',380),(880,191,51,557,1,327,10000,'2006-04-17 16:20:00','2006-04-17 18:30:00',40),(881,191,51,206,1,295,68000,'2006-04-17 16:10:00','2006-04-17 18:11:00',260),(882,290,69,505,1,153,51404,'2006-04-17 16:35:00','2006-04-17 18:10:00',108),(883,155,6,204,14,230,115589,'2006-04-08 04:00:00','2006-04-08 11:00:00',300),(884,78,76,618,9,43,54700,'2006-04-07 08:43:00','2006-04-07 09:29:00',116),(885,243,55,374,8,173,186000,'2006-04-02 21:00:00','2006-04-05 04:25:00',1000),(886,36,25,355,8,216,65400,'2006-03-12 20:30:00','2006-03-14 12:00:00',200),(887,87,8,527,4,64,160000,'2006-02-27 18:25:00','2006-03-01 14:30:00',NULL),(888,164,69,48,4,16,100000,'2006-02-18 08:50:00','2006-02-18 16:09:00',428),(889,36,25,703,15,72,200000,'2006-02-17 04:32:00','2006-02-17 12:00:00',250),(890,48,8,53,8,247,252089,'2006-02-16 12:00:00','2006-02-20 23:00:00',100),(891,255,8,468,8,416,58000,'2006-02-12 02:00:00','2006-02-13 07:00:00',50),(892,58,8,352,8,266,60000,'2006-02-12 00:06:00','2006-02-14 17:44:00',300),(893,255,8,181,8,359,130000,'2006-02-12 02:00:00','2006-02-14 16:00:00',80),(894,229,8,401,8,91,126000,'2006-02-12 05:55:00','2006-02-12 14:00:00',250),(895,58,8,217,8,65,180000,'2006-02-11 21:00:00','2006-02-14 23:00:00',500),(896,133,1,655,4,370,140000,'2006-02-04 04:30:00','2006-02-08 08:00:00',NULL),(897,244,1,488,4,417,123827,'2006-02-04 01:34:00','2006-02-06 00:01:00',150),(898,84,16,0,15,360,63000,'2006-01-18 15:16:00','2006-01-18 18:34:00',75),(899,91,1,680,8,134,142315,'2006-01-14 15:45:00','2006-01-16 17:30:00',NULL),(900,181,16,527,4,181,1667316,'2005-12-31 06:00:00','2006-01-05 09:00:00',800),(901,166,8,236,14,183,683000,'2005-12-15 04:00:00','2005-12-21 17:00:00',3500),(902,166,8,375,14,230,52659,'2005-12-15 05:05:00','2005-12-16 12:10:00',75),(903,306,5,469,13,127,48000,'2005-11-12 16:00:00','2005-11-14 18:00:00',10),(904,37,5,489,17,247,272355,'2005-11-12 23:00:00','2005-11-14 23:59:00',408),(905,37,5,260,17,367,118000,'2005-11-06 07:30:00','2005-11-11 23:30:00',212),(906,49,2,395,4,132,100000,'2005-11-03 18:47:00','2005-11-03 19:00:00',136),(907,287,35,712,3,236,303795,'2005-10-24 20:00:00','2005-11-02 16:30:00',400),(908,287,35,749,19,284,105000,'2005-10-24 04:00:00','2005-10-24 16:00:00',280),(909,78,76,618,9,43,85682,'2005-10-22 09:44:00','2005-10-22 11:40:00',360),(910,78,76,618,9,43,71240,'2005-10-02 17:40:00','2005-10-02 17:54:00',312),(911,151,35,531,17,372,190000,'2005-09-24 10:00:00','2005-09-28 18:00:00',700),(912,151,35,427,1,143,200000,'2005-09-24 06:00:00','2005-10-02 17:00:00',260),(913,151,35,711,1,52,715000,'2005-09-23 17:00:00','2005-09-24 20:00:00',1950),(914,249,20,659,19,23,0,'2005-09-23 07:00:00','2005-09-28 11:29:00',0),(915,67,20,592,19,25,0,'2005-09-22 12:00:00','2005-09-29 12:00:00',0),(916,37,5,260,17,367,53000,'2005-09-22 11:00:00','2005-09-26 23:30:00',366),(917,156,35,60,14,323,60000,'2005-09-14 15:00:00','2005-09-15 15:00:00',215),(918,84,16,82,13,127,110000,'2005-09-13 18:30:00','2005-09-16 20:00:00',600),(919,78,76,618,9,43,66480,'2005-09-13 14:14:00','2005-09-13 14:29:00',249),(920,172,2,68,4,66,900000,'2005-09-12 12:32:00','2005-09-12 13:56:00',2578),(921,66,37,592,19,25,0,'2005-08-29 07:10:00','2005-09-07 15:00:00',0),(922,62,35,683,6,215,143000,'2005-08-29 01:10:00','2005-08-29 12:42:00',300),(923,161,20,591,19,23,0,'2005-08-29 17:00:00','2005-09-08 00:01:00',0),(924,62,35,172,14,230,512049,'2005-08-29 07:10:00','2005-08-29 22:00:00',5120),(925,271,4,654,4,334,409000,'2005-08-25 15:51:00','2005-08-25 20:00:00',864),(926,115,51,654,4,29,100000,'2005-08-25 15:50:00','2005-08-25 20:00:00',NULL),(927,306,5,159,17,156,50797,'2005-08-20 14:15:00','2005-08-20 16:21:00',650),(928,78,76,618,9,43,71864,'2005-08-19 19:37:00','2005-08-19 20:15:00',259),(929,78,76,618,9,43,47116,'2005-08-01 10:28:00','2005-08-01 10:47:00',175),(930,37,5,347,14,183,52200,'2005-07-28 20:30:00','2005-08-01 17:00:00',300),(931,293,69,654,4,334,133900,'2005-07-22 13:55:00','2005-07-22 18:00:00',206),(932,236,69,654,4,334,128050,'2005-07-21 14:39:00','2005-07-21 17:30:00',197),(933,240,35,558,14,230,228102,'2005-07-10 08:00:00','2005-07-12 08:00:00',45),(934,240,35,160,14,155,50000,'2005-07-10 12:53:00','2005-07-11 17:33:00',512),(935,175,35,622,6,369,287000,'2005-07-05 21:00:00','2005-07-06 09:00:00',NULL),(936,0,69,618,9,43,132290,'2005-07-02 01:27:00','2005-07-02 01:46:00',226),(937,152,5,353,17,367,114711,'2005-06-29 16:30:00','2005-07-04 23:30:00',1000),(938,137,3,417,13,344,51500,'2005-06-24 20:37:00','2005-06-24 23:06:00',350),(939,305,34,618,9,43,600000,'2005-06-20 11:16:00','2005-06-20 17:15:00',35),(940,59,5,318,12,83,300000,'2005-06-08 04:00:00','2005-06-10 22:00:00',100),(941,152,5,353,17,367,201580,'2005-06-05 14:00:00','2005-06-10 07:30:00',1826),(942,59,5,146,17,247,105000,'2005-06-05 14:00:00','2005-06-07 18:00:00',60),(943,143,5,325,1,52,123000,'2005-05-29 20:00:00','2005-05-30 02:30:00',328),(944,143,5,325,1,52,243000,'2005-05-08 15:00:00','2005-05-08 22:00:00',672),(945,239,5,556,14,230,51808,'2005-04-30 08:00:00','2005-04-30 10:00:00',100),(946,305,34,618,9,43,116552,'2005-04-23 04:22:00','2005-04-23 04:48:00',345),(947,132,1,463,14,323,51600,'2005-03-08 11:00:00','2005-03-08 15:00:00',180),(948,169,18,618,9,43,372288,'2005-02-18 08:16:00','2005-02-18 08:41:00',648),(949,0,69,618,9,43,139438,'2005-02-16 13:26:00','2005-02-16 13:43:00',325),(950,166,8,309,14,103,82000,'2005-01-29 16:00:00','2005-01-30 15:00:00',NULL),(951,288,62,618,9,43,70717,'2005-01-24 06:38:00','2005-01-24 06:50:00',225),(952,73,8,25,4,64,442000,'2005-01-07 13:00:00','2005-01-10 08:00:00',120),(953,166,8,46,17,371,246990,'2005-01-05 16:00:00','2005-01-13 18:00:00',250),(954,147,8,753,17,153,114791,'2005-01-05 21:10:00','2005-01-16 11:00:00',545),(955,73,8,243,6,118,211000,'2005-01-04 18:00:00','2005-01-14 12:00:00',200),(956,135,25,571,4,45,95000,'2004-12-27 07:50:00','2004-12-27 10:50:00',100),(957,195,8,231,17,153,359171,'2004-12-23 03:37:00','2004-12-31 23:00:00',800),(958,91,1,552,3,408,122000,'2004-12-01 10:00:00','2004-12-02 23:59:00',270),(959,246,16,739,3,172,105312,'2004-12-01 07:30:00','2004-12-02 22:09:00',NULL),(960,143,5,309,14,230,83450,'2004-11-24 10:00:00','2004-11-24 16:00:00',100),(961,143,5,325,1,295,119000,'2004-11-23 22:00:00','2004-11-24 01:00:00',150),(962,280,8,210,15,119,165000,'2004-11-14 04:55:00','2004-11-15 01:31:00',165),(963,116,1,399,17,247,122000,'2004-10-30 10:00:00','2004-11-01 18:00:00',60),(964,103,1,647,17,367,159870,'2004-10-30 12:30:00','2004-11-03 13:50:00',700),(965,65,42,643,4,45,59458,'2004-10-28 15:27:00','2004-10-28 18:08:00',103),(966,100,41,256,6,207,100000,'2004-10-25 11:00:00','2004-10-26 10:00:00',NULL),(967,116,1,25,4,45,407440,'2004-10-18 22:30:00','2004-10-20 09:00:00',140),(968,272,2,1,9,43,100000,'2004-10-10 17:09:00','2004-10-11 19:57:00',NULL),(969,278,2,210,15,119,100000,'2004-09-27 16:06:00','2004-09-27 16:12:00',NULL),(970,237,35,309,14,230,85455,'2004-09-27 08:00:00','2004-09-27 14:00:00',854),(971,237,35,38,19,306,110000,'2004-09-26 03:00:00','2004-09-30 09:00:00',350),(972,237,35,756,19,25,722000,'2004-09-26 06:00:00','2004-10-01 00:00:00',1800),(973,237,35,339,19,26,285300,'2004-09-26 02:00:00','2004-09-27 00:00:00',1250),(974,237,35,212,19,30,26000,'2004-09-25 17:00:00','2004-09-26 09:00:00',125),(975,13,35,250,14,363,112000,'2004-09-17 04:30:00','2004-09-18 12:00:00',400),(976,13,35,620,14,183,175000,'2004-09-16 21:00:00','2004-09-20 16:00:00',500),(977,13,35,371,14,176,75000,'2004-09-16 02:00:00','2004-09-16 10:02:00',263),(978,13,35,761,14,230,916316,'2004-09-15 19:00:00','2004-09-17 19:00:00',916),(979,311,35,309,14,104,150000,'2004-09-07 10:00:00','2004-09-08 12:00:00',2200),(980,311,35,761,14,230,99000,'2004-09-06 13:00:00','2004-09-09 12:00:00',3000),(981,311,35,264,19,306,65000,'2004-09-05 01:00:00','2004-09-09 17:00:00',200),(982,311,35,764,19,25,832898,'2004-09-05 07:00:00','2004-09-12 00:00:00',2100),(983,311,35,108,19,325,2775093,'2004-09-04 08:00:00','2004-09-06 08:00:00',6000),(984,311,35,339,19,26,268000,'2004-09-04 10:00:00','2004-09-12 19:00:00',1100),(985,311,35,212,19,30,26000,'2004-09-03 21:00:00','2004-09-05 14:00:00',125),(986,265,35,384,14,81,99816,'2004-08-30 18:58:00','2004-08-31 15:35:00',150),(987,203,13,262,15,77,380000,'2004-08-20 15:31:00','2004-08-20 21:45:00',22700),(988,232,35,357,14,323,94000,'2004-08-14 13:00:00','2004-08-14 23:00:00',500),(989,232,35,639,19,26,78000,'2004-08-13 16:43:00','2004-08-13 20:24:00',250),(990,232,35,338,19,396,23000,'2004-08-13 22:04:00','2004-08-14 16:23:00',65),(991,232,35,317,19,325,1200000,'2004-08-13 15:00:00','2004-08-13 23:00:00',1400),(992,228,24,431,9,43,259478,'2004-08-09 08:23:00','2004-08-09 11:10:00',4517),(993,25,2,118,4,384,182000,'2004-08-04 12:46:00','2004-08-04 13:50:00',480),(994,84,16,666,13,115,127000,'2004-08-03 21:00:00','2004-08-04 07:00:00',127),(995,281,64,79,6,207,100000,'2004-08-02 10:00:00','2004-08-02 20:00:00',NULL),(996,181,16,229,14,230,61004,'2004-07-25 22:00:00','2004-07-25 23:00:00',61),(997,9,11,696,6,207,100000,'2004-07-24 15:45:00','2004-07-25 21:00:00',NULL),(998,306,5,417,13,115,200000,'2004-07-21 17:30:00','2004-07-22 19:00:00',200),(999,238,39,237,9,43,61624,'2004-07-20 15:44:00','2004-07-20 17:51:00',200),(1000,254,58,645,4,384,100000,'2004-07-20 14:26:00','2004-07-21 02:00:00',214),(1001,89,24,574,19,342,42124,'2004-07-13 13:34:00','2004-07-13 17:15:00',283),(1002,306,5,272,14,81,88110,'2004-07-07 13:30:00','2004-07-07 23:54:00',120),(1003,239,5,587,14,230,50595,'2004-06-23 19:00:00','2004-06-23 20:00:00',50),(1004,0,69,291,4,245,35000,'2004-06-23 17:35:00','2004-06-23 19:10:00',157),(1005,266,2,518,4,385,30000,'2004-06-14 07:41:00','2004-06-14 14:39:00',200),(1006,153,6,694,7,79,120212,'2004-06-12 17:37:00','2004-06-12 17:41:00',428),(1007,213,5,662,17,153,56874,'2004-06-02 02:35:00','2004-06-06 18:00:00',280),(1008,261,5,531,17,153,59057,'2004-06-02 01:46:00','2004-06-07 16:00:00',350),(1009,126,1,341,1,212,500000,'2004-06-01 17:00:00','2004-06-02 01:00:00',1900),(1010,75,11,366,19,284,0,'2004-05-28 12:00:00','2004-05-31 00:00:00',0),(1011,75,11,366,19,342,0,'2004-05-28 12:00:00','2004-05-31 00:00:00',0),(1012,75,11,366,19,25,0,'2004-05-28 12:00:00','2004-05-31 00:00:00',0),(1013,306,5,174,17,153,122600,'2004-05-21 11:00:00','2004-05-26 21:00:00',303),(1014,306,5,260,17,99,250000,'2004-05-21 16:00:00','2004-05-24 20:00:00',630),(1015,306,5,387,17,247,248209,'2004-05-21 13:00:00','2004-05-25 12:00:00',200),(1016,145,14,77,3,236,225353,'2004-05-21 05:30:00','2004-05-25 00:00:00',NULL),(1017,306,5,443,17,196,281000,'2004-05-21 02:00:00','2004-05-24 00:00:00',NULL),(1018,306,5,605,17,375,127000,'2004-05-21 02:00:00','2004-05-24 00:00:00',NULL),(1019,143,5,325,1,295,62500,'2004-05-11 15:30:00','2004-05-11 18:00:00',85),(1020,119,50,546,4,384,940,'2004-05-03 14:30:00','2004-05-03 19:00:00',662),(1021,244,1,308,4,417,187000,'2004-04-27 12:35:00','2004-04-30 12:00:00',300),(1022,268,1,684,19,325,179000,'2004-04-12 05:30:00','2004-04-12 10:15:00',250),(1023,239,5,325,1,295,85000,'2004-04-10 20:00:00','2004-04-11 16:00:00',100),(1024,148,2,368,4,109,100000,'2004-03-17 13:27:00','2004-03-17 14:06:00',300),(1025,108,59,15,4,384,70000,'2004-03-08 18:22:00','2004-03-08 18:55:00',300),(1026,84,16,195,14,183,206000,'2004-03-07 18:30:00','2004-03-09 08:00:00',1000),(1027,84,16,309,14,230,47165,'2004-02-26 00:00:00','2004-02-26 01:30:00',10),(1028,73,8,25,4,45,505000,'2004-02-25 00:01:00','2004-02-26 10:00:00',240),(1029,166,8,177,3,236,87456,'2004-02-05 20:00:00','2004-02-09 20:00:00',60),(1030,166,8,72,3,408,70000,'2004-01-28 13:09:00','2004-01-29 05:00:00',300),(1031,166,8,278,14,230,30689,'2004-01-26 14:00:00','2004-01-27 20:00:00',NULL),(1032,166,8,367,14,190,150000,'2004-01-26 10:00:00','2004-01-28 08:00:00',700),(1033,166,8,357,14,282,9905,'2004-01-26 16:00:00','2004-01-29 06:30:00',475),(1034,234,11,436,15,328,18600,'2004-01-08 15:00:00','2004-01-10 19:00:00',100),(1035,73,8,25,4,64,263000,'2004-01-01 07:30:00','2004-01-02 16:00:00',170),(1036,73,8,25,4,181,241000,'2003-12-28 21:00:00','2004-01-01 11:30:00',160),(1037,27,28,274,4,181,109750,'2003-12-22 11:15:00','2003-12-22 11:16:00',220),(1038,17,2,205,4,181,120000,'2003-12-20 15:51:00','2003-12-21 23:45:00',150),(1039,101,42,284,13,348,2,'2003-12-05 07:00:00','2003-12-05 20:00:00',14),(1040,101,42,493,19,200,16500,'2003-12-05 04:49:00','2003-12-05 06:25:00',27),(1041,120,2,668,13,298,36000,'2003-12-04 22:15:00','2003-12-08 08:30:00',500),(1042,91,1,89,4,370,200000,'2003-12-04 07:00:00','2003-12-08 07:00:00',175),(1043,219,1,13,3,273,104195,'2003-11-13 11:00:00','2003-11-14 07:30:00',NULL),(1044,268,1,679,15,129,50280,'2003-11-13 07:30:00','2003-11-14 06:30:00',180),(1045,91,1,326,3,65,110000,'2003-11-13 06:00:00','2003-11-16 16:00:00',375),(1046,273,1,287,14,101,67000,'2003-11-13 13:40:00','2003-11-13 15:51:00',300),(1047,91,1,666,13,415,51000,'2003-11-12 17:00:00','2003-11-12 19:00:00',NULL),(1048,273,1,721,17,247,245000,'2003-11-12 17:00:00','2003-11-16 18:00:00',90),(1049,268,1,647,17,367,160000,'2003-11-12 18:00:00','2003-11-16 17:00:00',NULL),(1050,153,6,526,3,145,1,'2003-11-05 15:16:00','2003-11-05 15:54:00',350),(1051,206,35,685,3,402,425000,'2003-09-18 21:00:00','2003-09-21 17:00:00',1300),(1052,206,35,350,14,183,50000,'2003-09-18 15:32:00','2003-09-19 17:00:00',700),(1053,206,35,28,3,236,237366,'2003-09-18 14:00:00','2003-09-24 00:00:00',3085),(1054,306,5,479,3,266,153000,'2003-08-26 16:22:00','2003-08-31 18:00:00',1500),(1055,306,5,238,3,65,133000,'2003-08-26 16:00:00','2003-08-29 12:00:00',625),(1056,88,19,706,15,223,3125350,'2003-08-14 16:11:00','2003-08-15 21:03:00',11202),(1057,88,19,199,17,277,1203000,'2003-08-14 16:10:00','2003-08-16 20:27:00',7000),(1058,88,19,593,17,99,2100000,'2003-08-14 16:09:00','2003-08-16 07:00:00',11000),(1059,88,19,545,15,343,100000,'2003-08-14 16:10:00','2003-08-18 00:03:00',22934),(1060,88,19,109,17,13,101000,'2003-08-14 16:09:00','2003-08-16 13:03:00',1007),(1061,28,2,23,4,385,90000,'2003-07-28 18:55:00','2003-07-28 20:35:00',440),(1062,181,16,691,3,402,185000,'2003-07-21 17:15:00','2003-07-24 05:33:00',1000),(1063,124,35,207,1,69,108000,'2003-07-15 08:24:00','2003-07-21 10:30:00',300),(1064,306,5,211,14,228,80000,'2003-07-09 17:14:00','2003-07-09 19:09:00',120),(1065,306,5,7,17,153,134500,'2003-07-08 04:00:00','2003-07-11 16:00:00',11000),(1066,181,16,666,13,415,130000,'2003-07-05 03:00:00','2003-07-05 07:00:00',80),(1067,181,16,690,17,21,55142,'2003-07-04 23:41:00','2003-07-06 21:00:00',200),(1068,306,5,721,17,247,131000,'2003-07-04 09:00:00','2003-07-06 16:00:00',90),(1069,306,5,469,13,127,52000,'2003-07-04 06:00:00','2003-07-04 10:00:00',150),(1070,45,24,25,4,64,1,'2003-07-02 13:54:00','2003-07-02 15:59:00',200),(1071,272,2,518,4,49,47000,'2003-07-01 15:15:00','2003-07-01 15:50:00',1000),(1072,9,11,689,4,187,0,'2003-06-15 15:12:00','2003-06-16 17:00:00',0),(1073,174,69,152,1,141,192000,'2003-05-15 02:52:00','2003-05-15 03:29:00',476),(1074,306,5,664,14,230,115739,'2003-05-02 20:00:00','2003-05-03 08:00:00',130),(1075,306,5,216,14,183,139000,'2003-05-02 17:00:00','2003-05-04 12:00:00',1500),(1076,208,9,456,13,42,0,'2003-04-28 15:41:00','2003-04-29 12:00:00',0),(1077,20,2,248,1,259,68530,'2003-04-15 11:00:00','2003-04-15 14:06:00',212),(1078,84,16,245,15,93,160000,'2003-04-04 03:11:00','2003-04-05 14:00:00',250),(1079,166,8,721,17,247,425000,'2003-04-03 19:00:00','2003-04-06 17:00:00',300),(1080,147,8,551,14,232,340000,'2003-02-27 11:32:00','2003-03-01 08:00:00',1000),(1081,73,8,370,3,166,106000,'2002-12-25 17:00:00','2002-12-26 05:00:00',250),(1082,73,8,527,4,347,385000,'2002-12-19 06:00:00','2002-12-21 05:00:00',56),(1083,73,8,527,4,347,1500000,'2002-12-14 11:00:00','2002-12-19 04:00:00',180),(1084,73,8,513,14,11,130000,'2002-12-11 13:09:00','2002-12-13 10:00:00',63),(1085,73,8,527,4,267,939000,'2002-11-06 22:00:00','2002-11-10 12:00:00',270),(1086,174,69,246,14,204,25000,'2002-08-09 08:23:00','2002-08-09 12:13:00',51),(1087,36,25,164,17,321,190000,'2002-03-09 00:00:00','2002-03-11 12:00:00',190),(1088,144,69,579,4,294,255000,'2002-02-27 10:48:00','2002-02-27 11:35:00',300),(1089,166,8,266,6,54,1881134,'2002-01-30 06:00:00','2002-02-07 12:00:00',500),(1090,166,8,714,6,126,95000,'2002-01-30 16:00:00','2002-02-10 09:00:00',210),(1091,36,25,31,14,285,130000,'2000-08-18 18:30:00','2000-08-20 12:00:00',500),(1092,36,25,257,14,131,75000,'2000-08-10 21:30:00','2000-08-11 18:00:00',NULL);
/*!40000 ALTER TABLE `PowerOutages` ENABLE KEYS */;
UNLOCK TABLES;

--
-- Table structure for table `Responsible`
--

DROP TABLE IF EXISTS `Responsible`;
/*!40101 SET @saved_cs_client     = @@character_set_client */;
/*!40101 SET character_set_client = utf8 */;
CREATE TABLE `Responsible` (
  `id` int(11) DEFAULT NULL,
  `value` varchar(255) DEFAULT NULL
) ENGINE=InnoDB DEFAULT CHARSET=utf8;
/*!40101 SET character_set_client = @saved_cs_client */;

--
-- Dumping data for table `Responsible`
--

LOCK TABLES `Responsible` WRITE;
/*!40000 ALTER TABLE `Responsible` DISABLE KEYS */;
INSERT INTO `Responsible` VALUES (0,'Central Hudson Gas & Electric Corp.'),(1,'Luminant Energy Company, LLC'),(2,'Consolidated Edison Co-NY Inc'),(3,'Xcel Energy Northern States Power Company'),(4,'Gen On'),(5,'Exelon Corporation West ComEd'),(6,'Delmarva Power & Light Company'),(7,'Tacoma Power - TPWR'),(8,'New Athens Generating Co. LLC'),(9,'Valley Electric Assn, Inc'),(10,'Nebraska Public Power District'),(11,'Dominion-Virginia Power/North Carolina Power'),(12,'WECC - Loveland'),(13,'Consumers Power'),(14,'Modesto Irrigation District'),(15,'Duke Power Co.'),(16,'Public Service Company of Colorado'),(17,'San Diego Gas and Electric Company'),(18,'Somerset Operating Company'),(19,'Long Island Power Authority'),(20,'First Energy Solutions Corp.'),(21,'Cinergy'),(22,'UGI Utilities, Inc'),(23,'City of Lakeland'),(24,'Potomac Edison'),(25,'Progress Energy Florida'),(26,'Tampa Electric Company'),(27,'California Independent System Operator'),(28,'Baltimore Gas & Electric'),(29,'California ISO'),(30,'Fort Pierce Utilities Authority'),(31,'American Electric Power (AEP)'),(32,'Vectren Energy Delivery of Indiana'),(33,'Town of Stantonsburg JRO'),(34,'Tacoma Power Water Rail (TPWR)'),(35,'Midwest Independent System Operator (MISO)'),(36,'Exelon Corp/ComEd - Commonwealth Edison'),(37,'Louisville Gas & Electric Co'),(38,'West Memphis Utilities'),(39,'Duke Energy Progress'),(40,'Tucson Electric Power'),(41,'Castleton Power, LLC'),(42,'American Transmission Company'),(43,'Puerto Rico Electric Power Authority'),(44,'Black Hills/Colorado Elec.Util'),(45,'Pacific Gas and Electric  Company'),(46,'PSE&G'),(47,'Duke Energy - Ohio, Kentucky, Indiana'),(48,'ISO New England/Northeast Utilities'),(49,'Arizona Public Service Company'),(50,'Constellation Energy'),(51,'Town of Stantonsburg - (NC)'),(52,'CenterPoint Energy Houston Electric'),(53,'Cinergy Services'),(54,'Oklahoma Gas & Electric'),(55,'Pacific Gas & Elec.'),(56,'Public Utility District #1 of Chelan County (CHPD)'),(57,'Public Service of NH (Northeast Utilities)'),(58,'Edison Mission Generation (Fisk Station)'),(59,'Pacific Gas & Electric Co'),(60,'Entergy'),(61,'Duke Energy'),(62,'Texas New Mexico Power Company'),(63,'Florida Power & Light Co'),(64,'Pacific Gas and Electric Company'),(65,'Baltimore Gas and Electric'),(66,'Los Angeles Department of Water and Power'),(67,'NV Energy'),(68,'Snohomish County PUD No. 1'),(69,'American Electric Power-Texas Central Company'),(70,'Tacoma Power (TPWR)'),(71,'Arizona Public Service Co'),(72,'National Grid - NY  (Niagara Mohawk Power Corp)'),(73,'Memphis Light Gas and Water Division'),(74,'Ameren'),(75,'State of California, Department of Water Resources'),(76,'Central Maine Power Co'),(77,'National Grid USA'),(78,'Nevada Power Company (NV Energy)'),(79,'Lincoln Electric System'),(80,'Public Service New Hampshire Electric System Control Center'),(81,'Dominion - Virginia Power/North Carolina Power'),(82,'Bonneville Power Administration'),(83,'Xcel Energy - Northern States Power'),(84,'Empire District Electric Co'),(85,'CA Independent System Operator'),(86,'FirstEnergy Corp: CEI'),(87,'Southern Maryland Electric Cooperative (SMECO)'),(88,'Progress Energy Carolinas Inc'),(89,'Puerto Rico Electric Power Authority (PREPA)'),(90,'Public Service Company of New Mexico'),(91,'Dominion - Virginia Power'),(92,'ITC Holdings'),(93,'Niagara Mohawk Power Corporation'),(94,'City of Ruston & Constellation Energy'),(95,'Sunflower Electric Power Corporation'),(96,'Tampa Electric Co'),(97,'CSolar IV South, LLC'),(98,'Baltimore Gas and Electric Company'),(99,'Detroit Edison'),(100,'Dayton Power and Light'),(101,'Dominion-Virginia Power/ North Carolina Power'),(102,'Peak Reliability'),(103,'Georgia System Operations Corporation (GSOC)'),(104,'Georgia System Operations'),(105,'Long Island Power Authority (LIPA)'),(106,'Entergy Transmission - SOC'),(107,'North Attleborough Electric Department'),(108,'Missouri Basin Power District'),(109,'El Paso Electric Company'),(110,'Jacksonville Electric Authority (JEA)'),(111,'Terra-Gen Operating Company'),(112,'Sacramento Municipal Utility District'),(113,'Lower Colorado River Authority'),(114,'ITC Midwest LLC'),(115,'Commonwealth Edison'),(116,'Crawfordsville Electric Light and Power'),(117,'Detroit Edison Company-DTE'),(118,'Westar Energy'),(119,'ISO New England ( For New Brunswick Electric Power Coordination of joint Reliability Coordinators and Control Area Functions)'),(120,'WECC'),(121,'Mirant Chalk Point LLC'),(122,'Iberdrola USA (NYSEG)'),(123,'North Carolina Eastern M P A'),(124,'Tennessee Valley Authority (TVA)'),(125,'Public Service of New Hampshire'),(126,'Missouri Public Service'),(127,'We Energies'),(128,'Golden Spread Electric Cooperative, Inc'),(129,'Niagara Mohawk'),(130,'Duke Energy Midwest'),(131,'Alabama Power Co'),(132,'Crockett Cogeneration'),(133,'LG&E and KU Energy LLC'),(134,'PECO Energy'),(135,'Consolidated Edison Co. of New York'),(136,'Commonwealth Edison Co'),(137,'New York Power Authority'),(138,'Detroit Edison Company'),(139,'Central Illinois Light Co.'),(140,'Hawaiian Electric Company Inc.'),(141,'Center Point Energy'),(142,'Tennessee Valley Authority'),(143,'TXU Electric Delivery Company'),(144,'The Dow Chemical Company'),(145,'PJM Interconnection'),(146,'Crawfordsville Electric, Light & Power'),(147,'Maui Electric Company, Ltd.'),(148,'Detroit Edison, Subsidiary of DTE Energy'),(149,'City of Roseville (Roseville Electric)'),(150,'Seattle City Light'),(151,'Dominion - Virginia Power/North Carolina'),(152,'City of Washington - (NC)'),(153,'American Electric Power'),(154,'National Grid - New England'),(155,'Alabama Electric Coop Inc.'),(156,'American Electric Power -AEP West'),(157,'The Empire District Electric Company'),(158,'Virginia Power/North Carolina Power'),(159,'Northern States Power Company'),(160,'Madison Gas and Electric'),(161,'Arkansas Electric Cooperative Corporation'),(162,'National Grid'),(163,'East Kentucky Power Cooperative, Inc.'),(164,'Exelon Generation Company, LLC'),(165,'City of Tacoma - TPWR'),(166,'PPL Corporation'),(167,'Carolina Power and Light'),(168,'Empire District Electric'),(169,'Progress Energy Carolinas'),(170,'Alliant Energy'),(171,'Xcel Energy/Public Service Company of Colorado'),(172,'Exelon (PECO Energy)'),(173,'Cinergy PSI'),(174,'MISO / Entergy Transmission'),(175,'Consumers Energy Co'),(176,'Alabama Electric Cooperative'),(177,'FirstEnergy (Potomac Edison)'),(178,'MidAmerican Energy Company'),(179,'ISO New England/REMVEC'),(180,'Florida Power and Light'),(181,'Pacific Gas and Electric'),(182,'Midwest ISO, ITC, ALTW'),(183,'Duke Energy Company/Duke Power Control Area'),(184,'Lakeworth Utils'),(185,'Footprint Power Salem Harbor Operations LLC'),(186,'ISO New England / obo Public Service of New Hampshire'),(187,'Idaho Power Company Control Area'),(188,'Louisiana Generating LLC'),(189,'Electric Reliability Council of Texas'),(190,'South Carolina Electric and Gas'),(191,'North Carolina Municipal Power Agency #1'),(192,'NorthWestern Energy LLC - (MT)'),(193,'Western Area Power Administration'),(194,'Entergy Services Inc.'),(195,'DTE Energy  (Detroit Edison)'),(196,'Ohio Edison'),(197,'Western Farmers Electric Cooperative'),(198,'Public Service Electric and Gas Company'),(199,'Southern California Edison (SCE)'),(200,'City of Homestead'),(201,'Southern California Edison Company (SCE)'),(202,'Clarksdale Public Utilities'),(203,'Hawaiian Electric Company, Inc.'),(204,'Lake Worth Utils'),(205,'Exelon Corporation/PECO'),(206,'Cinergy Corp'),(207,'Entergy Transmission'),(208,'Greenwood Utilities Commission'),(209,'Cleco Power LLC'),(210,'Southwestern Public Service Company'),(211,'Omaha Public Power District'),(212,'TXU Electric Delivery'),(213,'American Electric Power (CSWS-SPP)'),(214,'Salt River Project'),(215,'Louisiana Generating'),(216,'City Water Light and Power (Springfield, Illinois)'),(217,'Public Service of New Mexico'),(218,'WECC RC Vancouver'),(219,'FirstEnergy (Mon Power)'),(220,'Hawaiian Electric Company'),(221,'National Grid (Niagara Mohawk)'),(222,'Dow Chemical Company'),(223,'Consolidated Edison Co of  New York'),(224,'City of Rochelle'),(225,'Central Power and Light Company'),(226,'Texas Municipal Power Agency'),(227,'City of Tacoma (TPWR)'),(228,'Dominion Virginia/North Carolina Power'),(229,'Coos Curry Electric Cooperative'),(230,'Southern Company'),(231,'ISO New England/Velco'),(232,'Duke Energy Corporation'),(233,'Progress Energy Florida (PEF)'),(234,'Caithness Shepherds Flat, LLC'),(235,'Duke Energy Ohio Inc'),(236,'Allegheny Power'),(237,'Crockett Cogeneraton'),(238,'San Diego Gas & Electric Co'),(239,'Constellation Energy Control and Dispatch'),(240,'FirstEnergy Service Company'),(241,'Tacoma Power'),(242,'Lansing Board of Water & Light'),(243,'PacifiCorp'),(244,'San Diego Gas & Electric Company'),(245,'Idaho Power Company'),(246,'PPL Electric Utilities Corp'),(247,'Consumers Energy'),(248,'FirstEnergy Corp: Met-Ed'),(249,'Potomac Electric Power Company (PEPCO)'),(250,'El Paso Elec. Co.'),(251,'Mid American Energy Company'),(252,'Henderson Municipal Power and Light'),(253,'Northern Indiana Public Service Co'),(254,'Dixie Electric Membership Corp'),(255,'Northeast Utilities'),(256,'MISO - AECC'),(257,'WECC Reliability Coordinator'),(258,'Entergy Services, Inc.'),(259,'Bryan Texas Utilities'),(260,'City of Garland'),(261,'American Transmission Company, LLC'),(262,'American Electric Power (CSWS)'),(263,'Ameren Corporation'),(264,'New York State Elec & Gas Corp'),(265,'Northern Indiana Public Service Company'),(266,'Potomac Electric Power Company'),(267,'Pacific Gas & Electric Co.'),(268,'Western Area Power Administration, Sierra Nevada Region'),(269,'ISO New England/CONVEX'),(270,'FirstEnergy Corp: Mon Power Company'),(271,'Southwestern Public Service'),(272,'The United Illuminating Company'),(273,'Potomac Electric Power Company (Pepco)'),(274,'Atlantic City Electric Company'),(275,'ISO New England/NSTAR'),(276,'Western Electricity Coordinating Council'),(277,'First Energy Corporation'),(278,'Pennsylvania Electric Company'),(279,'California Department of Water Resources'),(280,'Big Rivers Electric Corporation'),(281,'Dayton Power & Light Co'),(282,'Progress Energy - Carolinas (Carolina Power and Light)'),(283,'AES Somerset'),(284,'Seminole Electric Cooperative'),(285,'Duke Power'),(286,'Exelon Corporation/ComEd'),(287,'Upstate New York Power Producers'),(288,'Ameren Illinois'),(289,'MidAmercian Energy Company'),(290,'Virginia Electric and Power Co and Dominion Virginia Power Area'),(291,'Dominion'),(292,'National Grid - NY'),(293,'Minnesota Power'),(294,'San Diego Gas & Electric'),(295,'CenterPoint Energy'),(296,'American Electric Power - Ohio'),(297,'Owensboro Municipal Utilities'),(298,'Wisconsin Electric Power Company'),(299,'City of College Station'),(300,'Florida Keys Electric Cooperative Assoc. Inc.'),(301,'Public Service Electric &Gas'),(302,'Public Service Electric and Gas'),(303,'PEPCO (Potomac Electric Power Company)'),(304,'Potomac Electric Power Co'),(305,'Progress Energy, Carolinas'),(306,'Orlando Utilities Commission'),(307,'New York State Electric & Gas Corporation'),(308,'NRG Energy Inc 2'),(309,'Montana Dakota Utilities'),(310,'Dominion-Virginia Power'),(311,'FirstEnergy Generation'),(312,'Dominion VirginiaPower/Dominion North Carolina Power'),(313,'El Paso Electric'),(314,'ERCOT'),(315,'Atlantic City Electric Co'),(316,'FirstEnergy Corp: Jersey Central Power & Light'),(317,'Metropolitan Edison Company'),(318,'Jersey Central Power & Light Company'),(319,'Florida Municipal Power Agency'),(320,'Duke Energy Carolinas'),(321,'Consumers Energy Co.'),(322,'Dayton Power & Light'),(323,'Progress Energy - Carolinas'),(324,'Oklahoma Gas & Electric Co'),(325,'Florida Power & Light'),(326,'Oklahoma Municipal Power Authority'),(327,'Austin Energy'),(328,'National Grid (New York)'),(329,'Entergy Systems Incorporated'),(330,'Associated Electric Cooperative, Inc.'),(331,'City of Garland / Texas Municipal Power Agency'),(332,'Public Service Electric & Gas Company'),(333,'FirstEnergy Corp: Potomac Edison'),(334,'Southern California Edison Company'),(335,'Xcel Energy (Public Service Company of Colorado)'),(336,'Xcel Energy'),(337,'El Paso Electric Co'),(338,'Duquesne Light Company'),(339,'Wisconsin Public Service'),(340,'Jersey Central Power and Light'),(341,'New England'),(342,'City of Tallahassee'),(343,'New York Independent System Operator'),(344,'Commonwealth Edison Company'),(345,'Lubbock Power and Light'),(346,'Detroit Edison Co'),(347,'Pacific Gas & Electric'),(348,'Upper Peninsula Power Company'),(349,'AES Somerset LLC'),(350,'Consolidated Edison Company of NY, Inc'),(351,'Keyspan Energy'),(352,'Ameren Missouri'),(353,'Farmers\' Electric Coop, Inc'),(354,'Baltimore Gas & Electric Company (BGE)'),(355,'North Carolina Eastern Municipal Power Agency'),(356,'City and County of San Francisco'),(357,'ERCOT ISO'),(358,'Terra-Gen Dixie Valley, LLC'),(359,'Atlantic City Electric'),(360,'Central Maine Power Company'),(361,'Portland General Electric'),(362,'City of Riverside'),(363,'Progress Energy -Carolinas'),(364,'Tennessee Valley Autbority'),(365,'JEA'),(366,'Southern Indiana Gas and Electric Company'),(367,'DTE Energy'),(368,'Ohio Edison Company'),(369,'Entergy Corporation'),(370,'Puget Sound Energy'),(371,'Ohio Edison/First Energy'),(372,'American Electric Power - CSWS'),(373,'Somerset Operating Company, LLC'),(374,'Niagara Mohawk Power Corp.'),(375,'Cleveland Electric Illuminating Company'),(376,'Wisconsin Public Service Corp'),(377,'MISO - Entergy'),(378,'Midwest ISO'),(379,'Dominion Virginia Power'),(380,'El Paso Electric Co.'),(381,'New York State Electric and Gas'),(382,'Consolidated Edison of NY Inc'),(383,'Duke Energy Indiana Inc'),(384,'Southern California Edison'),(385,'Arizona Public Service'),(386,'Oncor Electric Delivery Company'),(387,'Great River Energy'),(388,'Penelec'),(389,'DTE Energy (Detroit Edison)'),(390,'ISO New England obo NSTAR'),(391,'Colorado Springs Utilities'),(392,'ITC Transmission'),(393,'Entergy Services, Inc'),(394,'XCEL'),(395,'Public Utility District No.1 of Snohomish County (SNPD)'),(396,'Utilities Commission, City of New Smyrna Beach'),(397,'Entergy Corp'),(398,'Niagara Mohawk Power Corporation (dba National Grid)'),(399,'American Electric Power - AEP'),(400,'AMEREN'),(401,'Mesquite Power, LLC'),(402,'PPL Electric Utilities'),(403,'Orange and Rockland Utilities, Inc.'),(404,'Southern Maryland Electric Cooperative, Inc.'),(405,'Coffeyville Municipal Light and Power'),(406,'Associated Electric Coop, Inc'),(407,'Progress Energy - Carolinas, Inc.'),(408,'Baltimore Gas & Electric Company'),(409,'Southern California Edison Co'),(410,'Oncor Electric Delivery Company LLC'),(411,'Western Area Power Administration Upper Great Plains Region'),(412,'ISO New England'),(413,'ITC Holdings, Inc.'),(414,'Pepco'),(415,'Com Ed'),(416,'Delmarva Power'),(417,'Snohomish County PUD #1'),(418,'South Carolina Electric and Gas Company');
/*!40000 ALTER TABLE `Responsible` ENABLE KEYS */;
UNLOCK TABLES;

--
-- Table structure for table `Tag`
--

DROP TABLE IF EXISTS `Tag`;
/*!40101 SET @saved_cs_client     = @@character_set_client */;
/*!40101 SET character_set_client = utf8 */;
CREATE TABLE `Tag` (
  `id` int(11) DEFAULT NULL,
  `value` varchar(255) DEFAULT NULL
) ENGINE=InnoDB DEFAULT CHARSET=utf8;
/*!40101 SET character_set_client = @saved_cs_client */;

--
-- Dumping data for table `Tag`
--

LOCK TABLES `Tag` WRITE;
/*!40000 ALTER TABLE `Tag` DISABLE KEYS */;
INSERT INTO `Tag` VALUES (0,'severe weather, flooding, uncontrolled loss'),(1,'severe weather, wind'),(2,'equipment failure'),(3,'equipment failure, transmission interruption'),(4,'load shedding, transmission interruption'),(5,'severe weather, thunderstorm'),(6,'severe weather, tornado'),(7,'severe weather, thunderstorm, equipment failure'),(8,'severe weather, winter storm'),(9,'vandalism'),(10,'severe weather, equipment failure'),(11,'public appeal'),(12,'equipment failure, wild fire'),(13,'severe weather, thunderstorm, transmission interruption'),(14,'severe weather, wind, rain'),(15,'severe weather, thunderstorm, islanding'),(16,'severe weather, storm'),(17,'fuel supply emergency, hydro'),(18,'equipment failure, voltage reduction'),(19,'unknown'),(20,'severe weather, hurricane/tropical storm, fuel supply emergency, public appeal'),(21,'wild fire, transmission interruption'),(22,'fuel supply emergency, public appeal'),(23,'fuel supply emergency, natural gas'),(24,'generator trip'),(25,'severe weather'),(26,'fuel supply emergency, coal'),(27,'severe weather, cold, public appeal'),(28,'earthquake'),(29,'severe weather, winter storm, islanding'),(30,'load shedding, islanding'),(31,'vandalism, equipment failure'),(32,'transmission interruption, distribution interruption'),(33,'islanding'),(34,'voltage reduction'),(35,'severe weather, hurricane/tropical storm'),(36,'vandalism, physical'),(37,'severe weather, hurricane/tropical storm, fuel supply emergency'),(38,'equipment failure, public appeal'),(39,'wild fire'),(40,'severe weather, cold'),(41,'wild fire, public appeal'),(42,'transmission interruption'),(43,'load shedding, generator trip'),(44,'distribution interruption'),(45,'severe weather, dust, load shedding'),(46,'load shedding, equipment failure'),(47,'severe weather, hail'),(48,'fuel supply emergency, public appeal, voltage reduction'),(49,'severe weather, storm, islanding, load shedding'),(50,'severe weather, heat'),(51,'load shedding, public appeal'),(52,'public appeal, severe weather, heat'),(53,'severe weather, cold, wind'),(54,'equipment failure, severe weather, storm'),(55,'severe weather, tornado, storm'),(56,'load shedding, severe weather, thunderstorm'),(57,'vandalism, cyber'),(58,'wild fire, load shedding'),(59,'fuel supply emergency'),(60,'fuel supply emergency, petroleum'),(61,'severe weather, fog'),(62,'load shedding, voltage reduction'),(63,'severe weather, heat, public appeal'),(64,'generator trip, public appeal, load shedding'),(65,'islanding, load shedding, public appeal'),(66,'severe weather, flooding'),(67,'energy deficiency alert'),(68,'public appeal, equipment failure'),(69,'load shedding'),(70,'severe weather, thunderstorm, wind'),(71,'islanding, severe weather'),(72,'severe weather, thunderstorm, uncontrolled loss'),(73,'uncontrolled loss'),(74,'wild fire, equipment failure, voltage reduction'),(75,'voltage reduction, generator trip'),(76,'voltage reduction, load shedding');
/*!40000 ALTER TABLE `Tag` ENABLE KEYS */;
UNLOCK TABLES;
/*!40103 SET TIME_ZONE=@OLD_TIME_ZONE */;

/*!40101 SET SQL_MODE=@OLD_SQL_MODE */;
/*!40014 SET FOREIGN_KEY_CHECKS=@OLD_FOREIGN_KEY_CHECKS */;
/*!40014 SET UNIQUE_CHECKS=@OLD_UNIQUE_CHECKS */;
/*!40101 SET CHARACTER_SET_CLIENT=@OLD_CHARACTER_SET_CLIENT */;
/*!40101 SET CHARACTER_SET_RESULTS=@OLD_CHARACTER_SET_RESULTS */;
/*!40101 SET COLLATION_CONNECTION=@OLD_COLLATION_CONNECTION */;
/*!40111 SET SQL_NOTES=@OLD_SQL_NOTES */;

-- Dump completed on 2018-04-26 15:54:01
